Internet Activity Score,"Survival through recession, based on existence of the company through recession times_Not Applicable",Controversial history of founder or co founder_No,Invested through global incubation competitions?_No,Focus on structured or unstructured data_no,Hyper localisation_No,Exposure across the globe_Yes,Employee Count,google page rank of company website,Age of company in years,"Survival through recession, based on existence of the company through recession times_No",Technical proficiencies to analyse and interpret unstructured data_Yes,Employees per year of company existence,Relevance of experience to venture_Yes,Percent_skill_Data Science,Legal risk and intellectual property_No,Renowned in professional circle,Big Data Business_No,Last Funding Amount,Catering to product/service across verticals_Yes
-0.20072240684889162,1.0,1.0,0.0,0.0,1.0,1.0,-0.325850702797764,-0.6121039124691943,-0.670067410623803,0.0,1.0,-0.5588183427987325,1.0,2.1995624557023947,1.0,0.40732556029239947,1.0,-0.6893532284782083,0.0
-0.3883807071485676,0.0,0.0,0.0,1.0,0.0,0.0,-0.11756828318268653,1.622380146164028,0.561748897862264,0.0,0.0,-0.6999237234985144,0.0,-0.36116049443769166,0.0,-0.2698056873054549,1.0,-0.5683944967803799,0.0
-0.5861826993563342,0.0,1.0,1.0,1.0,1.0,0.0,-0.4523078861354897,-0.45479787475298356,0.9723543340242863,1.0,0.0,-0.7435381138966288,1.0,-0.5744194403912869,1.0,-2.8429044281773,1.0,-0.48351117629067575,0.0
-0.6740946958931193,0.0,1.0,0.0,0.0,0.0,0.0,-0.42999191260530284,0.03635549278641815,0.9723543340242863,0.0,0.0,-0.8205046851874189,1.0,-0.5744194403912869,1.0,-3.1774869269903574,0.0,0.14250331232089222,0.0
-0.9310682242314142,0.0,0.0,0.0,0.0,0.0,0.0,-0.4597465439788853,-0.47408188382828215,1.3829597701863086,0.0,0.0,-0.8179391328110592,0.0,-0.36116049443769166,0.0,-0.7876119354685196,0.0,0.19555538762695734,1.0
-0.60139823721847,1.0,0.0,1.0,0.0,0.0,1.0,1.8164827561001762,-0.729130799881016,-0.2594619744617807,0.0,0.0,1.6963021960214177,1.0,0.6340479199278268,1.0,0.40732556029239947,0.0,4.651929713336425,0.0
-0.4847457802754282,0.0,0.0,0.0,0.0,0.0,0.0,-0.504378491039259,0.49551303987001577,-0.2594619744617807,0.0,0.0,-0.7486692186493481,0.0,-0.5744194403912869,0.0,0.40732556029239947,0.0,0.14462539533313487,0.0
-0.14493210135439336,1.0,1.0,0.0,0.0,1.0,0.0,-0.504378491039259,-0.36653823782180645,-0.2594619744617807,0.0,0.0,-0.7666280852838658,0.0,-0.5744194403912869,1.0,0.1085911863521697,1.0,-0.6925363529965722,0.0
1.8026567449990005,1.0,1.0,1.0,0.0,0.0,1.0,-0.16963888808645589,-0.7015899490709684,-0.670067410623803,0.0,1.0,-0.2894353432809671,1.0,0.6340479199278268,1.0,0.40732556029239947,1.0,-0.47926701026619056,1.0
-0.5456079317239718,1.0,1.0,1.0,0.0,0.0,0.0,-0.4820625175090722,0.7047617721660696,-1.0806728467858253,0.0,0.0,-0.045707867526798444,1.0,-0.5744194403912869,1.0,0.40732556029239947,1.0,-0.0060424985360899375,0.0
0.889724473270847,1.0,1.0,1.0,0.0,1.0,1.0,-0.16963888808645589,-0.6747115494328825,-0.670067410623803,0.0,1.0,-0.25095205763557205,1.0,-0.5744194403912869,1.0,0.40732556029239947,0.0,-0.12275706420943318,1.0
0.06808542871550907,1.0,1.0,0.0,0.0,1.0,1.0,-0.19195486161664277,-0.5934829339933477,-0.2594619744617807,0.0,1.0,-0.5973016284441276,0.0,-0.234537995267548,1.0,0.40732556029239947,0.0,-0.5683944967803799,0.0
-0.5202487019537453,1.0,1.0,1.0,1.0,1.0,1.0,-0.504378491039259,-0.537716597405953,-0.2594619744617807,0.0,1.0,-0.7897180566711028,1.0,-0.5744194403912869,0.0,0.40732556029239947,0.0,-0.5276016101527199,1.0
-2.3410413994560066,0.0,0.0,0.0,0.0,0.0,0.0,-0.10269096749589525,-0.5592242836377659,1.793565206348331,0.0,0.0,-0.33097163625423015,0.0,-0.17159698687907424,0.0,0.40732556029239947,0.0,-0.18641955457671128,0.0
0.2861748047394568,0.0,1.0,1.0,0.0,1.0,1.0,-0.12500694102608212,0.12475502006879051,0.9723543340242863,0.0,1.0,-0.6742681997349177,1.0,-0.5744194403912869,1.0,0.40732556029239947,1.0,-0.18641955457671128,1.0
0.5144078726714951,1.0,1.0,0.0,0.0,1.0,1.0,0.4105764236984029,-0.5847220731175171,-0.670067410623803,0.0,0.0,0.9805130830170699,1.0,-0.25453102140651296,1.0,0.40732556029239947,0.0,0.3865428587287917,1.0
-0.6385917742148023,0.0,0.0,0.0,0.0,0.0,0.0,-0.4746238596656766,-0.3316723474565392,-0.12259349574110674,0.0,0.0,-0.6298841436238954,0.0,-0.5744194403912869,0.0,0.40732556029239947,1.0,-0.027263328658516012,0.0
1.1889633845595196,0.0,1.0,1.0,1.0,1.0,1.0,1.3478473119662517,-0.7269964373333418,1.793565206348331,0.0,1.0,-0.24133123622422328,1.0,2.325902225027159,1.0,0.40732556029239947,1.0,1.5070026891928865,0.0
-0.46953024241329233,0.0,0.0,0.0,1.0,0.0,0.0,-0.504378491039259,0.49551303987001577,0.9723543340242863,0.0,0.0,-0.710185933003953,0.0,-0.36116049443769166,0.0,-0.6760844358641673,1.0,-0.632056987147658,0.0
-0.5878733146743492,1.0,1.0,0.0,1.0,0.0,0.0,-0.4671852018222809,-0.7309956458704111,0.15114346170024162,0.0,0.0,-0.6742681997349177,0.0,-0.5744194403912869,1.0,0.40732556029239947,1.0,-0.04848415878094209,0.0
2.6547268652786102,1.0,1.0,1.0,0.0,1.0,0.0,-0.3704826498581378,-0.7148535409728156,-0.2594619744617807,0.0,1.0,-0.7435381138966288,0.0,0.06535739746949888,1.0,0.40732556029239947,0.0,-0.5683944967803799,1.0
-0.2565127123433899,1.0,1.0,1.0,0.0,0.0,1.0,-0.2589027822072034,-0.1737818329534707,-0.670067410623803,0.0,0.0,1.05747965430786,1.0,-0.5744194403912869,1.0,0.40732556029239947,0.0,-0.5938594929272911,1.0
-0.2159379447110275,0.0,1.0,1.0,0.0,1.0,0.0,0.07583682074559978,-0.7385663461263865,1.793565206348331,0.0,0.0,-0.5588183427987325,1.0,-0.5744194403912869,1.0,0.40732556029239947,0.0,0.577530329830626,0.0
1.5490644472967356,1.0,1.0,1.0,0.0,0.0,1.0,-0.2589027822072034,-0.7185468945704373,-1.0806728467858253,0.0,1.0,-0.7897180566711028,1.0,-0.5744194403912869,1.0,0.40732556029239947,1.0,-0.5106738388473812,0.0
-0.702835156299376,1.0,1.0,1.0,0.0,1.0,1.0,0.18741668839653416,-0.4000898210886843,-0.2594619744617807,0.0,1.0,-0.7127514853803127,1.0,-0.5744194403912869,1.0,0.40732556029239947,0.0,-0.46152639628384245,0.0
0.8795807813627564,1.0,1.0,0.0,0.0,1.0,1.0,0.32131252957765544,-0.6841035723962066,-0.670067410623803,0.0,0.0,0.13388079881837853,1.0,-0.1597492676453313,1.0,0.40732556029239947,0.0,3.760654848194531,1.0
-0.08914179585989511,0.0,1.0,0.0,0.0,1.0,1.0,0.9015278413625143,-0.3136951956976137,-0.2594619744617807,0.0,0.0,0.6085079884449177,1.0,-0.5744194403912869,1.0,0.40732556029239947,0.0,-0.40923827086218467,0.0
3.0909056173265057,0.0,1.0,1.0,1.0,1.0,1.0,3.8918682944075558,-0.7384743164858784,0.9723543340242863,0.0,1.0,5.065205987990603,1.0,-0.21187923229555275,0.0,0.40732556029239947,1.0,-0.26451220942723913,1.0
0.9556584706734359,1.0,1.0,1.0,0.0,1.0,1.0,-0.16963888808645589,-0.6078473553511391,-0.2594619744617807,0.0,1.0,-0.4818517715079424,1.0,-0.5744194403912869,0.0,0.40732556029239947,0.0,-0.059094573842155065,0.0
-0.40359624501070346,0.0,1.0,1.0,0.0,1.0,1.0,-0.504378491039259,0.990890764914091,0.9723543340242863,0.0,1.0,-0.2255530891096113,1.0,2.59780738112615,1.0,0.40732556029239947,0.0,-0.6638882323312971,0.0
-0.9310682242314142,0.0,1.0,1.0,0.0,1.0,0.0,-0.43743057044869843,-0.6049225709315339,1.793565206348331,1.0,0.0,-0.57805998562143,1.0,-0.5744194403912869,1.0,-4.595160771961112,0.0,2.4874050408489694,0.0
0.2608155749692303,0.0,1.0,1.0,1.0,1.0,0.0,0.7527546844946018,-0.7372200215203981,-0.2594619744617807,0.0,0.0,-0.46055768678415715,1.0,-0.5744194403912869,1.0,0.40732556029239947,1.0,-0.06970498890336804,0.0
-0.5709671614941982,0.0,1.0,1.0,0.0,1.0,1.0,0.9907917354832618,-0.5317150530136097,1.793565206348331,0.0,1.0,1.05747965430786,1.0,-0.5744194403912869,1.0,0.40732556029239947,0.0,1.8507801371761883,1.0
-0.4999613181375641,1.0,1.0,1.0,0.0,1.0,0.0,-0.504378491039259,0.46717887005058617,-0.2594619744617807,0.0,1.0,-0.8489053499937205,0.0,0.5132011840046776,1.0,0.40732556029239947,1.0,0.020186447495228643,0.0
1.5490644472967356,1.0,1.0,1.0,0.0,0.0,1.0,-0.2589027822072034,-0.7185468945704373,-0.670067410623803,0.0,1.0,-0.7897180566711028,1.0,-0.5744194403912869,1.0,0.40732556029239947,1.0,-0.3222328673602379,0.0
-0.46953024241329233,1.0,1.0,1.0,1.0,1.0,0.0,-0.504378491039259,3.8218056961791835,-0.2594619744617807,0.0,0.0,-0.6126949427022856,1.0,-0.5744194403912869,1.0,-1.636017557458772,1.0,-0.5047320064131018,0.0
-1.1593012921634527,0.0,1.0,1.0,0.0,1.0,1.0,-0.43743057044869843,0.7773538553140905,0.9723543340242863,0.0,1.0,-0.22786208624833496,1.0,0.029814239877032054,1.0,0.40732556029239947,0.0,-0.600225741964019,0.0
1.70629167187214,0.0,1.0,1.0,0.0,1.0,1.0,1.1246875766643831,-0.7334459619509329,0.561748897862264,0.0,1.0,0.21084737010916865,1.0,0.5132011840046776,1.0,0.40732556029239947,0.0,1.3414802142379634,1.0
0.85422155159253,1.0,1.0,1.0,0.0,1.0,0.0,-0.4746238596656766,-0.38093643152473844,-0.670067410623803,0.0,0.0,-0.4818517715079424,1.0,-0.27230260025712744,1.0,0.40732556029239947,1.0,-0.6702544813680249,1.0
-0.5202487019537453,0.0,0.0,0.0,0.0,0.0,0.0,-0.3704826498581378,1.3518919707592598,1.793565206348331,0.0,0.0,-0.5734419913439825,0.0,-0.5744194403912869,0.0,-0.7876119354685196,1.0,2.1054300986453005,0.0
0.7578564784656694,0.0,1.0,1.0,0.0,1.0,1.0,-0.325850702797764,-0.673577527059288,1.793565206348331,0.0,0.0,-0.6165432712668251,1.0,2.1446321205986245,1.0,0.40732556029239947,0.0,-0.5047320064131018,1.0
1.1331730790650212,1.0,1.0,1.0,0.0,0.0,1.0,0.8792118678323274,4.279305791754939,-1.0806728467858253,0.0,0.0,2.9816439365776133,1.0,0.33193107990242954,1.0,-0.6800675608500368,0.0,-0.42833701797236806,1.0
-2.6388601938775462,0.0,1.0,1.0,0.0,1.0,1.0,-0.39279862338832466,-0.6795301512163908,0.561748897862264,0.0,0.0,-0.7127514853803127,1.0,-0.5744194403912869,1.0,0.39537618533479024,0.0,-0.40287202182545684,0.0
0.002151431312920221,1.0,1.0,1.0,0.0,1.0,1.0,-0.39279862338832466,-0.7265616183896563,-0.2594619744617807,0.0,0.0,-0.5126384000242584,0.0,-0.5744194403912869,0.0,0.40732556029239947,1.0,-0.4960887623042377,1.0
0.08837281253169026,1.0,1.0,1.0,0.0,1.0,1.0,0.3659444766380292,-0.7013095889410877,0.15114346170024162,0.0,0.0,0.09539751317298348,0.0,0.6765881874652994,1.0,0.40732556029239947,0.0,-0.6199611139778752,1.0
-0.42388362882688463,0.0,1.0,1.0,0.0,1.0,0.0,-0.49693983319586343,1.9100372547543072,0.9723543340242863,0.0,0.0,0.2570273128836427,1.0,-0.5744194403912869,1.0,0.40732556029239947,1.0,-0.4353971881540992,0.0
-0.8600623808747802,1.0,1.0,1.0,0.0,0.0,0.0,-0.08037499396570838,0.163000214332014,-0.2594619744617807,0.0,0.0,-0.6126949427022856,0.0,-0.3154621488632591,1.0,0.40732556029239947,0.0,-0.5938594929272911,0.0
-0.08406994990584982,1.0,1.0,0.0,0.0,1.0,0.0,-0.504378491039259,1.162548642134021,-0.670067410623803,0.0,1.0,-0.7897180566711028,1.0,-0.37300821363518055,1.0,0.40732556029239947,0.0,-0.5683944967803799,1.0
-0.6081606984905303,1.0,1.0,0.0,0.0,1.0,0.0,-0.4597465439788853,-0.27538618163511713,-1.0806728467858253,0.0,1.0,-0.4048852002171523,0.0,-0.5744194403912869,1.0,0.40732556029239947,1.0,0.2486074629330225,0.0
0.09344465848573555,0.0,1.0,1.0,0.0,1.0,1.0,5.453986441520637,-0.4699255676660243,2.6147760786723757,0.0,0.0,1.4423125107618104,1.0,-0.5744194403912869,1.0,0.40732556029239947,0.0,3.1240299445217503,0.0
-0.6419730048508324,1.0,1.0,1.0,0.0,1.0,0.0,-0.3481666763279509,0.27660963840688485,-1.0806728467858253,0.0,1.0,-0.4818517715079424,1.0,0.06535739746949888,1.0,0.40732556029239947,1.0,-0.6817137296341349,0.0
0.7324972486954429,1.0,1.0,0.0,0.0,1.0,0.0,0.3436285031078423,-0.20508507200782466,0.15114346170024162,0.0,0.0,-0.09701891505399181,1.0,0.9361647602795107,1.0,0.27588243575869836,0.0,-0.1227571915344139,1.0
-1.1440857543013168,0.0,1.0,1.0,0.0,1.0,0.0,-0.504378491039259,-0.4943476913979753,1.793565206348331,1.0,0.0,-0.6742681997349177,1.0,-0.5744194403912869,1.0,-2.9146006779229556,1.0,-0.18641955457671128,1.0
-1.392606206049536,0.0,1.0,0.0,1.0,1.0,0.0,-0.504378491039259,-0.7164748618656329,0.42488041914158997,0.0,0.0,-0.6819648568639967,1.0,-0.36116049443769166,1.0,-3.0938413022870934,1.0,-0.4410695160458237,0.0
-0.42895547478092994,0.0,1.0,1.0,0.0,0.0,0.0,-0.504378491039259,1.2399436825233159,1.3829597701863086,1.0,0.0,-0.835897999445577,1.0,-0.5744194403912869,1.0,0.40732556029239947,1.0,-0.5683944967803799,0.0
-0.7535536158398289,0.0,0.0,0.0,0.0,0.0,0.0,0.2394872933003036,-0.47408188382828215,-0.2594619744617807,0.0,0.0,0.5289758647777678,0.0,-0.5744194403912869,0.0,0.40732556029239947,0.0,-0.4829318476283335,1.0
-0.46953024241329233,0.0,0.0,0.0,0.0,0.0,0.0,-0.504378491039259,2.157253138893664,-0.2594619744617807,0.0,0.0,-0.07136339129039507,0.0,-0.36116049443769166,0.0,-2.7273938035870784,0.0,-0.3936197398920791,0.0
1.2244663062378367,1.0,1.0,1.0,0.0,1.0,1.0,0.29899655604746855,-0.5956225113884335,-1.0806728467858253,0.0,0.0,2.365911366251292,1.0,5.667746071445353,1.0,-0.7876119354685196,0.0,1.5961301757070758,1.0
-0.16014763921652925,1.0,1.0,0.0,1.0,1.0,0.0,-0.504378491039259,-0.4504523341275113,-0.2594619744617807,0.0,0.0,0.7342200548865415,0.0,-0.36116049443769166,1.0,0.40732556029239947,1.0,-0.35194202953163434,0.0
-0.4796739343213829,0.0,0.0,0.0,0.0,0.0,0.0,-0.4597465439788853,1.0561496137466744,0.2880119404209156,0.0,0.0,-0.7050548282512338,0.0,-0.5744194403912869,0.0,0.40732556029239947,1.0,0.7268400905720155,0.0
-0.464458396459247,0.0,0.0,0.0,0.0,0.0,0.0,-0.4820625175090722,-0.47408188382828215,0.15114346170024162,0.0,0.0,-0.4759253455185516,0.0,-0.36116049443769166,0.0,0.40732556029239947,0.0,0.06823040689240115,0.0
-0.6571885427129682,0.0,0.0,0.0,0.0,0.0,0.0,-0.504378491039259,-0.043011256576528045,-0.670067410623803,0.0,0.0,0.8778909879626831,0.0,-0.36116049443769166,0.0,-2.0408623810225714,1.0,-0.5318946689698071,0.0
-0.46953024241329233,0.0,0.0,0.0,1.0,0.0,0.0,-0.49693983319586343,1.7859172643340402,1.3829597701863086,0.0,0.0,0.005603180000395056,0.0,-0.5744194403912869,0.0,0.40732556029239947,1.0,0.7472969708100343,0.0
-0.4898176262294735,0.0,0.0,0.0,1.0,0.0,0.0,-0.504378491039259,1.4985561604158761,-0.670067410623803,0.0,0.0,-0.6883787378048959,0.0,-0.5744194403912869,0.0,-1.2601698837921045,1.0,0.04064332773324726,0.0
-0.21086609875698223,1.0,1.0,1.0,0.0,1.0,1.0,-0.504378491039259,-0.5514467939880888,-1.0806728467858253,0.0,0.0,0.5187136552723292,1.0,0.6340479199278268,1.0,0.40732556029239947,0.0,-0.17368705650325567,0.0
0.580341870074084,1.0,1.0,0.0,0.0,1.0,0.0,-0.21427083514682965,-0.5539278197255889,-0.670067410623803,0.0,0.0,-0.17398548634478192,1.0,-0.17159698687907424,1.0,0.40732556029239947,0.0,-0.2882795391643562,1.0
-0.05871072013562333,1.0,1.0,1.0,0.0,1.0,1.0,-0.013427073375147742,-0.5587798627528149,-0.2594619744617807,0.0,1.0,-0.28173868615188813,1.0,0.6340479199278268,1.0,-0.21404193750327843,1.0,-0.4410695160458237,1.0
-0.4948894721835188,0.0,1.0,1.0,0.0,1.0,0.0,-0.4820625175090722,-0.4943476913979753,1.793565206348331,0.0,1.0,-0.57805998562143,1.0,-0.5744194403912869,1.0,-4.595160771961112,0.0,-0.3137445353112675,1.0
2.208404421322624,1.0,1.0,1.0,0.0,1.0,1.0,-0.23658680867701654,-0.6920889937394946,-0.670067410623803,0.0,1.0,-0.5588183427987325,1.0,0.41432658179675014,0.0,0.40732556029239947,0.0,-0.600225741964019,1.0
1.4983459877562828,1.0,1.0,0.0,0.0,0.0,1.0,-0.12500694102608212,-0.7360918761970607,-1.0806728467858253,0.0,0.0,0.5187136552723292,1.0,-0.5744194403912869,1.0,0.40732556029239947,1.0,-0.600225741964019,0.0
-1.1237983704851355,1.0,1.0,1.0,0.0,1.0,1.0,0.6114201854700848,-0.6983649384361056,0.15114346170024162,0.0,1.0,0.19160572728647113,1.0,0.6340479199278268,1.0,0.40732556029239947,0.0,0.9595052720342946,0.0
0.19488157756664148,1.0,1.0,1.0,0.0,1.0,1.0,0.566788238409711,-0.1974567435491853,-0.2594619744617807,0.0,0.0,0.38787048407798597,1.0,1.2382816006311943,1.0,0.40732556029239947,1.0,-0.3392095314581787,1.0
-0.4796739343213829,1.0,1.0,1.0,0.0,1.0,0.0,-0.504378491039259,-0.7113153911672003,-1.0806728467858253,0.0,1.0,-0.09701891505399181,1.0,-0.5744194403912869,1.0,-3.4762213009305873,1.0,-0.6893532284782083,1.0
-0.9209245323233237,0.0,0.0,0.0,0.0,0.0,0.0,-0.3704826498581378,-0.47408188382828215,0.561748897862264,0.0,0.0,-0.7666280852838658,0.0,-0.36116049443769166,0.0,-0.6760844358641673,0.0,-0.09729206806252193,0.0
-0.002920414641125075,1.0,1.0,1.0,0.0,1.0,1.0,-0.325850702797764,-0.537716597405953,-0.2594619744617807,0.0,1.0,0.4109604554652231,1.0,0.029814239877032054,0.0,0.40732556029239947,0.0,-0.5009122569910651,1.0
1.02666431403007,1.0,1.0,1.0,0.0,1.0,0.0,0.27668058251728167,-0.6853717736214506,-0.670067410623803,0.0,1.0,0.3647805126907489,0.0,2.3045763305804408,1.0,0.40732556029239947,0.0,-0.3137445353112675,1.0
2.1475422698740805,1.0,1.0,0.0,1.0,1.0,1.0,1.0800556296040094,-0.7230927515567928,-0.2594619744617807,0.0,1.0,0.6939408825776947,0.0,-0.14790154852035037,1.0,0.40732556029239947,0.0,0.32288036836151357,0.0
-0.47460208836733764,0.0,1.0,1.0,0.0,1.0,1.0,-0.43743057044869843,1.650159969426088,-0.3963304531824549,0.0,0.0,-0.7512347710257078,1.0,-0.5744194403912869,1.0,0.40732556029239947,1.0,-0.6384232361843858,0.0
-0.6047794678545002,1.0,1.0,1.0,0.0,1.0,1.0,-0.444869228292094,-0.47760380966417293,-1.4912782829478477,0.0,1.0,0.5956802265631193,1.0,5.667746071445353,0.0,-0.5765063112174237,0.0,0.05761999183118817,1.0
-0.7789128456100554,0.0,0.0,0.0,0.0,0.0,0.0,-0.33328936064115966,-0.47408188382828215,0.014274982979567622,0.0,0.0,-0.5690805523041712,0.0,-0.36116049443769166,0.0,0.40732556029239947,1.0,-0.059094573842155065,0.0
-0.5202487019537453,0.0,0.0,0.0,0.0,0.0,0.0,-0.4746238596656766,-0.5450443685479119,0.2880119404209156,0.0,0.0,-0.633219361713163,0.0,-0.5744194403912869,0.0,-0.6999831857793858,1.0,-0.6550603670003678,1.0
-1.0392676045843807,0.0,0.0,0.0,0.0,0.0,0.0,0.9015278413625143,-0.6041024327068933,2.390311773570472,0.0,0.0,-0.5015808692821483,0.0,-0.22688634326695412,0.0,0.40732556029239947,0.0,0.1811252231437077,1.0
-0.3934525531026129,0.0,1.0,0.0,1.0,1.0,0.0,-0.49693983319586343,3.034461825851237,0.561748897862264,1.0,0.0,-0.6042029643365351,1.0,-0.5744194403912869,1.0,0.40732556029239947,1.0,-0.6295104875329669,0.0
-0.45600531986917153,0.0,1.0,0.0,0.0,1.0,0.0,0.7825093158681842,1.72631280005184,1.3829597701863086,0.0,0.0,-0.8489053499937205,1.0,0.06535739746949888,1.0,0.40732556029239947,1.0,0.03257941228672541,1.0
-0.26665640425148046,1.0,1.0,1.0,0.0,1.0,0.0,-0.39279862338832466,1.3291692250805862,-1.0806728467858253,0.0,0.0,-0.4048852002171523,1.0,3.2642415872084762,1.0,0.40732556029239947,0.0,-0.637786611280713,1.0
-0.15507579326248397,0.0,1.0,1.0,0.0,1.0,0.0,-0.147322914556269,-0.15630042280005313,-0.12259349574110674,0.0,1.0,0.05691422752758842,0.0,-0.5744194403912869,1.0,-0.37336693693806744,1.0,-0.6340241581000069,0.0
-0.2362253285272087,1.0,1.0,0.0,0.0,1.0,0.0,-0.3704826498581378,-0.13453340137871678,-1.0806728467858253,0.0,0.0,-0.5588183427987325,1.0,-0.25453102140651296,0.0,0.40732556029239947,1.0,-0.6868067288635172,1.0
-0.7839846915641007,0.0,0.0,0.0,0.0,0.0,0.0,-0.41511459691851155,-0.6226926187504058,0.561748897862264,0.0,0.0,-0.030827663743912357,0.0,-0.5744194403912869,0.0,-0.37336693693806744,1.0,-0.632056987147658,1.0
-0.738338077977693,0.0,1.0,1.0,1.0,1.0,1.0,-0.504378491039259,0.15373566541652467,0.9723543340242863,1.0,0.0,-0.7170872688963605,1.0,0.15066097590894348,1.0,0.40732556029239947,1.0,-0.6939814915279094,0.0
-0.378237015240477,0.0,0.0,0.0,0.0,0.0,0.0,-0.504378491039259,1.622380146164028,0.9723543340242863,0.0,0.0,-0.6298841436238954,0.0,-0.36116049443769166,0.0,0.40732556029239947,1.0,-0.6396964859917313,1.0
-0.46953024241329233,1.0,1.0,0.0,1.0,1.0,0.0,-0.49693983319586343,-0.5108561600200621,-0.670067410623803,0.0,0.0,-0.4818517715079424,1.0,0.06535739746949888,1.0,-2.5441700542370707,1.0,-0.6731553688457604,0.0
-0.5912545453103795,0.0,0.0,0.0,0.0,0.0,0.0,-0.49693983319586343,-0.47408188382828215,-0.12259349574110674,0.0,0.0,-0.671702647358558,0.0,-0.36116049443769166,0.0,-1.2601698837921045,1.0,-0.632056987147658,1.0
-0.3173748637919334,0.0,0.0,0.0,0.0,0.0,0.0,-0.504378491039259,-0.04901081436033372,-0.2594619744617807,0.0,0.0,0.7580796919866863,0.0,-0.5744194403912869,0.0,-2.0408623810225714,1.0,-0.6939814915279094,1.0
-0.07392625799775922,0.0,1.0,1.0,0.0,1.0,1.0,0.20973266192672105,-0.5642023107564234,1.793565206348331,0.0,0.0,-0.5588183427987325,1.0,-0.5744194403912869,1.0,0.40732556029239947,0.0,0.577530329830626,1.0
1.9852431993446311,1.0,1.0,1.0,0.0,1.0,1.0,-0.3704826498581378,-0.7308805053505812,-0.670067410623803,0.0,1.0,1.05747965430786,1.0,-0.5744194403912869,1.0,0.40732556029239947,1.0,-0.059094573842155065,0.0
0.1644505018423697,1.0,1.0,1.0,0.0,1.0,1.0,1.2139514707851307,-0.47547391698570846,-0.670067410623803,0.0,1.0,-0.3535741526643033,1.0,0.38524581645427275,0.0,0.40732556029239947,0.0,0.2978397888170508,0.0
-0.018135952503260964,1.0,1.0,1.0,0.0,1.0,1.0,-0.2589027822072034,-0.3347487763278543,-1.0806728467858253,0.0,1.0,-0.4818517715079424,0.0,-0.5744194403912869,1.0,0.40732556029239947,0.0,-0.6193244890742023,1.0
-0.31230301783788816,1.0,1.0,0.0,0.0,1.0,1.0,-0.41511459691851155,0.9159660722414062,0.15114346170024162,0.0,0.0,-0.7319931282030103,0.0,-0.5744194403912869,1.0,0.40732556029239947,1.0,-0.6340241581000069,0.0
0.5701981781659934,1.0,1.0,1.0,0.0,0.0,1.0,-0.2812187557373903,0.19944727954256625,-0.670067410623803,0.0,0.0,-0.4818517715079424,1.0,0.029814239877032054,1.0,0.40732556029239947,0.0,-0.6938096028039178,1.0
-0.08914179585989511,0.0,1.0,1.0,0.0,1.0,1.0,-0.41511459691851155,-0.5451313654467913,1.793565206348331,0.0,1.0,-0.5844738665623292,0.0,1.2382816006311943,1.0,0.40732556029239947,0.0,0.0045679165251230405,1.0
-2.6388601938775462,1.0,1.0,1.0,0.0,1.0,1.0,-0.4820625175090722,-0.24915574748173927,-0.2594619744617807,0.0,1.0,-0.7735294211762734,1.0,-0.5744194403912869,0.0,0.40732556029239947,0.0,-0.4410695160458237,1.0
0.06808542871550907,0.0,1.0,1.0,0.0,1.0,0.0,-0.147322914556269,-0.27414703455973677,0.561748897862264,0.0,0.0,0.09539751317298348,1.0,0.06535739746949888,1.0,0.40732556029239947,0.0,-0.6829869794414805,0.0
-0.44417101264306585,0.0,1.0,1.0,0.0,1.0,1.0,0.6783681060606455,-0.5194484902716127,0.9723543340242863,0.0,0.0,0.15697077020561562,1.0,-0.5744194403912869,1.0,0.40732556029239947,0.0,1.5961301757070758,1.0
2.0866801184255372,1.0,1.0,1.0,0.0,1.0,0.0,-0.013427073375147742,-0.6623703233200109,-1.0806728467858253,0.0,0.0,-0.5588183427987325,1.0,-0.5744194403912869,1.0,0.40732556029239947,0.0,-0.37952910869078815,0.0
-0.46953024241329233,0.0,1.0,0.0,0.0,1.0,1.0,-0.504378491039259,-0.5172013876894248,0.561748897862264,1.0,0.0,-0.7743247424129449,1.0,-0.5744194403912869,0.0,0.40732556029239947,1.0,-0.6766207304047527,1.0
-0.4661490117772621,1.0,1.0,1.0,0.0,0.0,1.0,-0.4523078861354897,0.7047617721660696,-1.0806728467858253,0.0,0.0,-0.020052343763201697,1.0,-0.15610381564034087,1.0,0.40732556029239947,1.0,-0.41926935726105546,0.0
-0.6216856210346512,0.0,1.0,1.0,1.0,1.0,0.0,-0.504378491039259,2.873505063845609,0.9723543340242863,1.0,0.0,-0.8094471544453088,1.0,1.0368703730049913,1.0,0.40732556029239947,1.0,-0.47290076122946273,0.0
-0.2362253285272087,0.0,0.0,0.0,1.0,0.0,0.0,-0.10269096749589525,-0.5642592602011703,1.793565206348331,0.0,0.0,-0.511843078787587,0.0,-0.5744194403912869,0.0,0.16833806114021566,1.0,-0.15458830939307222,0.0
0.38761172382036274,1.0,1.0,0.0,1.0,1.0,1.0,0.12046876780597353,-0.5170486671580904,-0.2594619744617807,0.0,0.0,0.7342200548865415,0.0,0.8295352869582997,1.0,0.40732556029239947,0.0,-0.41560451989891245,0.0
3.543517150265509,0.0,1.0,0.0,0.0,1.0,1.0,-0.4523078861354897,-0.7145647377566497,0.9723543340242863,0.0,1.0,-0.44336848586254735,1.0,-0.5744194403912869,1.0,0.40732556029239947,0.0,-0.059094573842155065,1.0
0.6462758674766729,1.0,1.0,0.0,0.0,0.0,1.0,-0.3704826498581378,-0.7355472971316681,-1.0806728467858253,0.0,1.0,-0.4048852002171523,1.0,-0.5744194403912869,1.0,0.40732556029239947,1.0,-0.08880373601355147,0.0
-1.5194023549006686,0.0,1.0,1.0,1.0,1.0,1.0,-0.30353472926757713,-0.6769050963599086,1.793565206348331,0.0,0.0,-0.7800972352597542,1.0,-0.030609128193304653,1.0,0.40732556029239947,1.0,0.577530329830626,0.0
-0.43402732073497524,0.0,0.0,0.0,0.0,0.0,0.0,-0.11012962533929085,0.05233014313935805,1.2460912914656346,0.0,0.0,-0.8384635518219365,0.0,-0.5744194403912869,0.0,0.40732556029239947,1.0,-0.6476054893783596,0.0
-0.5151768559997,1.0,1.0,1.0,0.0,1.0,1.0,-0.504378491039259,4.279305791754939,0.15114346170024162,0.0,1.0,-0.6742681997349177,0.0,-0.5744194403912869,1.0,-4.073690048811047,1.0,0.31651411932478574,1.0
-0.4847457802754282,0.0,1.0,1.0,1.0,1.0,1.0,-0.504378491039259,0.002695308252813555,0.9723543340242863,1.0,0.0,-0.41514740972259095,1.0,-0.5744194403912869,1.0,-1.1460931841967952,1.0,-0.530197002560013,0.0
0.07315727466955436,1.0,1.0,0.0,1.0,1.0,0.0,-0.504378491039259,-0.5621419493767777,-0.670067410623803,0.0,0.0,-0.6357849140895226,1.0,-0.09103249626364136,1.0,-3.691310050167553,1.0,-0.5683944967803799,0.0
-0.4999613181375641,0.0,1.0,1.0,1.0,1.0,1.0,-0.504378491039259,3.7015244956565683,1.3829597701863086,0.0,1.0,-0.7589314281547868,1.0,-0.5744194403912869,1.0,0.40732556029239947,0.0,-0.41560451989891245,1.0
-0.31230301783788816,0.0,0.0,0.0,0.0,0.0,0.0,3.28933700909251,-0.47408188382828215,1.793565206348331,0.0,0.0,-0.79918494493987,0.0,-0.36116049443769166,0.0,0.40732556029239947,1.0,0.6615648171154331,1.0
0.23038449924495855,1.0,1.0,1.0,0.0,1.0,1.0,-0.39279862338832466,-0.1140502257248587,-1.0806728467858253,0.0,0.0,2.9816439365776133,1.0,1.2382816006311943,1.0,0.40732556029239947,0.0,-0.42833701797236806,0.0
-0.550679777678017,0.0,0.0,0.0,0.0,0.0,0.0,-0.43743057044869843,1.2175374698049797,2.6147760786723757,0.0,0.0,-0.23861175070528198,0.0,-0.5744194403912869,0.0,0.40732556029239947,1.0,-0.059094573842155065,1.0
-0.412049321600779,0.0,0.0,0.0,0.0,0.0,0.0,-0.4746238596656766,-0.5664592636059438,-0.12259349574110674,0.0,0.0,-0.6819648568639967,0.0,-0.5744194403912869,0.0,-0.07064943801196816,1.0,-0.6937968703058444,1.0
0.13401942611809792,1.0,1.0,0.0,1.0,1.0,0.0,-0.03574304690533462,-0.6212221973310966,-0.670067410623803,0.0,0.0,-0.6965628498854832,0.0,2.1931000630173565,1.0,0.40732556029239947,0.0,0.13189289725967926,0.0
0.7527846325116241,0.0,1.0,0.0,1.0,0.0,1.0,-0.504378491039259,-0.5297127999336915,0.15114346170024162,0.0,1.0,-0.6965628498854832,1.0,0.15066097590894348,1.0,0.40732556029239947,0.0,-0.03362957769524382,0.0
-0.5895639299923644,0.0,1.0,0.0,1.0,1.0,0.0,-0.4895011753524678,-0.527527530542239,0.9723543340242863,1.0,0.0,-0.8205046851874189,1.0,-0.5744194403912869,1.0,0.40732556029239947,1.0,-0.029809828273207137,0.0
0.6969943270171258,1.0,1.0,0.0,0.0,1.0,1.0,-0.325850702797764,-0.7244883440545158,0.15114346170024162,0.0,1.0,-0.6550265569122201,1.0,-0.5744194403912869,1.0,0.40732556029239947,0.0,-0.6129582400374746,1.0
0.8643652435006206,0.0,1.0,0.0,0.0,1.0,0.0,2.5975418296567168,-0.6773734393226676,1.3829597701863086,0.0,0.0,0.6657198064377383,1.0,-0.5744194403912869,1.0,0.40732556029239947,0.0,3.1240299445217503,0.0
1.0165206221219794,1.0,0.0,1.0,0.0,1.0,0.0,0.12046876780597353,-0.6747115494328825,-0.670067410623803,0.0,1.0,1.05747965430786,1.0,-0.5744194403912869,0.0,0.40732556029239947,0.0,-0.530197002560013,0.0
-0.5202487019537453,0.0,1.0,0.0,1.0,0.0,0.0,-0.4746238596656766,3.8738123761090115,0.561748897862264,1.0,0.0,0.6085079884449177,1.0,-0.5744194403912869,1.0,0.40732556029239947,1.0,-0.632056987147658,0.0
-0.464458396459247,0.0,1.0,0.0,1.0,1.0,0.0,0.2320486354569079,-0.6098501050831918,1.793565206348331,0.0,0.0,0.5502956050253167,0.0,-0.5744194403912869,1.0,0.40732556029239947,1.0,1.2141552335034071,0.0
-0.11450102563012159,1.0,1.0,1.0,0.0,1.0,1.0,0.09815279427578665,-0.4308243934491262,-0.2594619744617807,0.0,1.0,-0.204772114861098,1.0,1.2382816006311943,1.0,-0.6681181858924277,0.0,-0.059094573842155065,1.0
-0.7079070022534213,1.0,1.0,1.0,0.0,0.0,1.0,0.7825093158681842,-0.7330310090926242,0.15114346170024162,0.0,1.0,0.6149218693858167,0.0,0.10534344985619092,1.0,0.40732556029239947,0.0,-0.46152639628384245,1.0
-1.904862647408111,0.0,0.0,0.0,0.0,0.0,0.0,-0.12500694102608212,-0.5592242836377659,0.9723543340242863,0.0,0.0,-0.06928529386554379,0.0,-0.39314933628903875,0.0,0.16833806114021566,1.0,2.4874050408489694,0.0
-0.09928548776798571,1.0,1.0,1.0,0.0,1.0,1.0,0.18741668839653416,-0.6324644150458504,0.15114346170024162,0.0,0.0,-0.17398548634478192,1.0,-0.25453102140651296,1.0,0.40732556029239947,0.0,0.32288036836151357,0.0
-2.6388601938775462,0.0,1.0,1.0,1.0,1.0,0.0,4.940719050326339,-0.7037265465532475,0.42488041914158997,0.0,0.0,-0.31714330894565157,1.0,0.029814239877032054,1.0,0.40732556029239947,1.0,0.577530329830626,0.0
-0.46953024241329233,0.0,0.0,0.0,0.0,0.0,0.0,-0.49693983319586343,1.844133006473044,1.3829597701863086,0.0,0.0,-0.7170872688963605,0.0,-0.5744194403912869,0.0,0.40732556029239947,1.0,0.5995151098374593,1.0
0.2760311128313662,1.0,1.0,1.0,0.0,1.0,1.0,-0.2589027822072034,-0.4806202264025789,-0.670067410623803,0.0,1.0,-0.5588183427987325,1.0,-0.5744194403912869,1.0,0.40732556029239947,0.0,-0.47926701026619056,1.0
0.35210880214204565,1.0,1.0,1.0,0.0,1.0,1.0,-0.504378491039259,-0.6765358354979666,0.15114346170024162,0.0,0.0,0.09539751317298348,1.0,0.06535739746949888,1.0,0.40732556029239947,1.0,-0.3137445353112675,0.0
0.5144078726714951,0.0,1.0,0.0,0.0,1.0,1.0,0.7899479737115799,-0.45537961995310205,3.583804908014754,0.0,1.0,-0.6303972540991674,1.0,-0.5744194403912869,0.0,-3.822753174701254,1.0,-0.18641955457671128,1.0
0.15430680993427912,1.0,1.0,0.0,0.0,1.0,1.0,-0.4820625175090722,-0.5217301101771427,-1.0806728467858253,0.0,1.0,-0.7127514853803127,1.0,-0.5744194403912869,1.0,0.40732556029239947,0.0,-0.6447894852211137,1.0
-0.5760390074482435,0.0,0.0,0.0,0.0,0.0,0.0,-0.4895011753524678,0.6160875962533624,0.2880119404209156,0.0,0.0,-0.3022631051627655,0.0,-0.5744194403912869,0.0,0.40732556029239947,1.0,-0.16774522406897638,0.0
1.2092507683757008,1.0,1.0,1.0,0.0,1.0,1.0,4.159659976769798,0.33522700657192334,-0.2594619744617807,0.0,1.0,4.9288981902346025,1.0,-0.5744194403912869,1.0,0.40732556029239947,0.0,4.893847176732079,1.0
2.8829599332106484,1.0,1.0,1.0,0.0,0.0,0.0,0.6337361590002717,-0.7385428544804284,-1.0806728467858253,0.0,0.0,5.065205987990603,0.0,-0.5744194403912869,1.0,-0.7876119354685196,1.0,-0.16944289047877042,0.0
-0.5101050100456547,0.0,0.0,0.0,1.0,0.0,0.0,-0.504378491039259,1.504770368768918,-0.533198931903129,0.0,0.0,0.5161481028959694,0.0,-0.36116049443769166,0.0,-1.2601698837921038,1.0,0.609361575014265,0.0
-0.3883807071485676,1.0,1.0,1.0,0.0,1.0,1.0,-0.41511459691851155,2.438028056081916,-0.2594619744617807,0.0,1.0,0.05691422752758842,1.0,1.2382816006311943,1.0,0.40732556029239947,0.0,-0.6295104875329669,0.0
0.39268356977440805,1.0,1.0,1.0,1.0,1.0,0.0,-0.3481666763279509,-0.2655278850929275,-0.2594619744617807,0.0,0.0,2.9816439365776133,1.0,0.20245243419279657,1.0,0.40732556029239947,1.0,-0.5811269948538356,0.0
0.20502526947473207,1.0,1.0,1.0,0.0,1.0,0.0,0.7527546844946018,-0.27529603927271973,-1.0806728467858253,0.0,0.0,-0.4818517715079424,1.0,-0.5744194403912869,1.0,0.40732556029239947,1.0,-0.06970498890336804,0.0
-0.5101050100456547,1.0,1.0,1.0,1.0,1.0,0.0,-0.504378491039259,2.869986780125371,0.15114346170024162,0.0,0.0,-0.7897180566711028,0.0,-0.5744194403912869,1.0,-4.4919181723273685,1.0,-0.6638882323312971,0.0
-0.48305516495741313,0.0,1.0,1.0,1.0,1.0,1.0,0.767632000181393,0.7047617721660696,1.3829597701863086,1.0,0.0,-0.7589314281547868,1.0,-0.5744194403912869,1.0,0.40732556029239947,1.0,1.161103158197342,0.0
-0.4796739343213829,1.0,1.0,1.0,0.0,1.0,0.0,-0.49693983319586343,2.4993914138981683,-0.2594619744617807,0.0,1.0,-0.4459340382389071,0.0,-0.5744194403912869,1.0,0.40732556029239947,1.0,-0.2662947591575229,1.0
0.2912466506935021,0.0,1.0,1.0,0.0,1.0,1.0,3.467864797334005,-0.47096158401842647,3.583804908014754,0.0,1.0,0.5187136552723292,1.0,-0.5744194403912869,1.0,-0.32158631212176114,0.0,0.08096290496585677,1.0
0.35210880214204565,1.0,1.0,1.0,0.0,1.0,1.0,0.16510071486634728,-0.6511886971656565,-0.670067410623803,0.0,1.0,0.28781394139995875,1.0,1.2382816006311943,1.0,0.40732556029239947,0.0,1.9781051179107445,1.0
1.4273401443996485,1.0,1.0,0.0,0.0,1.0,1.0,0.767632000181393,-0.6735575781985553,-0.670067410623803,0.0,0.0,1.3268626538256254,1.0,0.029814239877032054,1.0,0.40732556029239947,1.0,-0.6880799786708628,1.0
1.3411187631808785,1.0,1.0,0.0,0.0,1.0,1.0,0.3659444766380292,-0.7002892171309197,0.15114346170024162,0.0,0.0,0.6085079884449177,0.0,-0.5744194403912869,1.0,0.40732556029239947,1.0,0.7048553105651822,0.0
0.7781438622818505,0.0,1.0,0.0,0.0,1.0,1.0,0.9461597884228881,-0.6490213072510432,0.561748897862264,0.0,1.0,-0.5588183427987325,1.0,3.6570390472719168,1.0,0.40732556029239947,0.0,3.200424932962484,1.0
0.9556584706734359,1.0,1.0,1.0,0.0,1.0,0.0,-0.43743057044869843,-0.7018320669864986,-1.0806728467858253,0.0,0.0,-0.6357849140895226,1.0,-0.12124418019004764,1.0,-1.385080683348979,1.0,-0.6702544813680249,0.0
-0.46953024241329233,0.0,0.0,0.0,0.0,0.0,0.0,-0.504378491039259,0.8997516216828967,-0.670067410623803,0.0,0.0,0.5443691790359257,0.0,-0.36116049443769166,0.0,-1.2601698837921038,1.0,-0.26995959651966583,1.0
1.2447536900540177,1.0,1.0,0.0,0.0,1.0,1.0,-0.23658680867701654,-0.6333477108669181,-0.670067410623803,0.0,1.0,-0.6101293903515814,1.0,-0.5744194403912869,1.0,0.40732556029239947,1.0,-0.6734376058863888,1.0
-0.6977633103453307,1.0,1.0,1.0,0.0,1.0,0.0,-0.39279862338832466,3.5240674597890713,0.15114346170024162,0.0,1.0,-0.8089596994938004,1.0,0.6340479199278268,0.0,0.40732556029239947,1.0,-0.5174645044865575,1.0
-0.16521948517057455,0.0,1.0,0.0,1.0,1.0,1.0,-0.504378491039259,-0.6024174575655143,-0.2594619744617807,0.0,0.0,0.7342200548865415,0.0,-0.36116049443769166,1.0,0.40732556029239947,1.0,0.15735789340659048,0.0
0.11373204230191673,1.0,1.0,1.0,0.0,1.0,1.0,0.5444722648795242,-0.6977207806177615,-0.2594619744617807,0.0,0.0,0.4109604554652231,1.0,-0.5744194403912869,1.0,0.40732556029239947,1.0,0.7685178009324604,1.0
1.1991070764676102,1.0,1.0,0.0,0.0,1.0,1.0,0.5221562913493374,-0.5865146562213539,-0.670067410623803,0.0,0.0,0.45793571947636863,1.0,-0.17159698687907424,1.0,0.40732556029239947,0.0,0.32288036836151357,0.0
-0.5912545453103795,1.0,1.0,1.0,0.0,1.0,0.0,0.05352084721541289,-0.29085838557873456,-0.2594619744617807,0.0,1.0,-0.28173868615188813,0.0,1.4030726037672632,1.0,0.40732556029239947,0.0,-0.47290076122946273,0.0
-0.6369011588967871,1.0,0.0,0.0,0.0,1.0,1.0,-0.4820625175090722,0.6878624383141935,-0.2594619744617807,0.0,0.0,0.4109604554652231,1.0,0.10534344985619092,0.0,0.40732556029239947,0.0,-0.37664307579413825,0.0
-0.8499186889666895,1.0,1.0,1.0,0.0,1.0,1.0,0.008888900155039136,4.279305791754939,0.15114346170024162,0.0,0.0,0.09539751317298348,0.0,0.6340479199278268,0.0,0.40732556029239947,0.0,0.7048553105651822,0.0
-0.30215932592979755,1.0,1.0,0.0,0.0,1.0,0.0,-0.4597465439788853,1.5143936520043602,-0.670067410623803,0.0,0.0,-0.4818517715079424,0.0,0.6340479199278268,0.0,0.40732556029239947,1.0,-0.6295104875329669,1.0
0.18473788565855087,1.0,1.0,1.0,0.0,1.0,1.0,-0.147322914556269,-0.6665970813100008,-1.0806728467858253,0.0,1.0,-0.2894353432809671,1.0,-0.5744194403912869,1.0,0.40732556029239947,0.0,-0.47926701026619056,0.0
0.6513477134307182,1.0,1.0,0.0,0.0,0.0,0.0,0.07583682074559978,-0.5424675717238243,-0.670067410623803,0.0,0.0,0.3647805126907489,1.0,-0.234537995267548,1.0,0.40732556029239947,1.0,0.06823040689240115,0.0
-0.3883807071485676,1.0,1.0,0.0,1.0,0.0,0.0,-0.4820625175090722,0.07269792994731902,-1.0806728467858253,0.0,0.0,-0.09701891505399181,0.0,0.029814239877032054,1.0,0.40732556029239947,1.0,-0.6295104875329669,0.0
-0.550679777678017,1.0,1.0,1.0,0.0,0.0,1.0,-0.4820625175090722,-0.4943476913979753,0.15114346170024162,0.0,1.0,-0.7897180566711028,1.0,-0.5744194403912869,1.0,-1.0265994346207035,1.0,-0.6934276278617141,1.0
0.9404429328113,1.0,0.0,1.0,0.0,0.0,0.0,-0.39279862338832466,-0.7291752502470468,-0.670067410623803,0.0,0.0,-0.6742681997349177,1.0,-0.234537995267548,0.0,0.40732556029239947,1.0,-0.3222328673602379,0.0
-0.29201563402170694,1.0,1.0,1.0,0.0,1.0,1.0,-0.3481666763279509,0.6269135367041156,-0.2594619744617807,0.0,0.0,0.4109604554652231,1.0,0.6340479199278268,1.0,0.40732556029239947,1.0,-0.6295104875329669,1.0
-0.4796739343213829,1.0,1.0,1.0,0.0,0.0,0.0,-0.4820625175090722,-0.419966998363193,-0.2594619744617807,0.0,0.0,-0.7897180566711028,0.0,-0.5744194403912869,1.0,-1.624068182501163,1.0,-0.19702996963792432,0.0
0.169522347796415,1.0,1.0,1.0,0.0,1.0,1.0,0.05352084721541289,-0.7288866953569482,-0.2594619744617807,0.0,0.0,-0.15089551495754483,1.0,-0.5744194403912869,1.0,0.40732556029239947,1.0,-0.5556619987069243,0.0
1.3411187631808785,1.0,1.0,1.0,1.0,1.0,0.0,-0.19195486161664277,-0.7369562992370206,-0.2594619744617807,0.0,0.0,0.4109604554652231,0.0,2.1446321205986245,1.0,0.40732556029239947,1.0,-0.5047320064131018,1.0
-0.5354642398158812,0.0,0.0,0.0,0.0,0.0,0.0,-0.4597465439788853,1.1526587254059402,-0.3963304531824549,0.0,0.0,-0.36640191457175725,0.0,-0.36116049443769166,0.0,-0.2698056873054549,1.0,0.19555538762695734,1.0
-0.40359624501070346,0.0,1.0,0.0,1.0,0.0,0.0,-0.49693983319586343,1.0028712560266615,-0.12259349574110674,0.0,0.0,-0.6819648568639967,1.0,-0.5744194403912869,1.0,-2.9146006779229556,1.0,-0.5683944967803799,0.0
0.20502526947473207,1.0,1.0,1.0,0.0,1.0,1.0,-0.39279862338832466,1.4222810705897007,-1.4912782829478477,0.0,0.0,-0.09701891505399181,0.0,0.5132011840046776,1.0,0.40732556029239947,0.0,-0.34499645183256433,1.0
0.666563251292854,1.0,1.0,1.0,0.0,1.0,1.0,-0.4746238596656766,-0.47338698471687146,-1.4912782829478477,0.0,1.0,-0.09701891505399181,1.0,-0.27230260025712744,1.0,0.40732556029239947,0.0,-0.6384232361843858,1.0
-0.13986025540034808,0.0,1.0,1.0,0.0,1.0,1.0,-0.325850702797764,0.40728924466787264,0.014274982979567622,0.0,0.0,-0.6357849140895226,1.0,0.06535739746949888,1.0,0.40732556029239947,1.0,-0.6047833396494124,0.0
-0.2514408663893446,1.0,1.0,1.0,0.0,0.0,0.0,-0.504378491039259,1.0608394998520119,-1.4912782829478477,0.0,1.0,-0.4818517715079424,0.0,0.20245243419279657,1.0,0.40732556029239947,0.0,-0.5556619987069243,0.0
0.9353710868572547,0.0,1.0,0.0,0.0,1.0,1.0,-0.013427073375147742,-0.7158418787203134,0.561748897862264,0.0,1.0,-0.5280317142824165,1.0,0.7851063401036688,1.0,0.40732556029239947,0.0,0.13189289725967926,0.0
-0.5456079317239718,1.0,1.0,1.0,0.0,1.0,1.0,-0.4820625175090722,0.6214828111649335,-1.0806728467858253,0.0,1.0,2.9816439365776133,1.0,-0.5744194403912869,1.0,0.40732556029239947,0.0,0.07884082195361412,0.0
-0.8600623808747802,1.0,0.0,1.0,0.0,1.0,1.0,-0.21427083514682965,0.500235705016225,-0.670067410623803,0.0,1.0,-0.43054072398074894,0.0,-0.5744194403912869,1.0,0.40732556029239947,1.0,-0.6893532284782083,1.0
-0.2869437880676617,0.0,1.0,1.0,0.0,1.0,1.0,-0.4820625175090722,-0.42056132541738345,0.9723543340242863,0.0,1.0,-0.8051113709292609,1.0,-0.5744194403912869,1.0,0.40732556029239947,1.0,-0.632056987147658,1.0
-0.11957287158416689,1.0,1.0,1.0,0.0,1.0,0.0,-0.43743057044869843,0.4022300149252375,0.15114346170024162,0.0,0.0,-0.6165432712668251,1.0,0.06535739746949888,1.0,0.40732556029239947,0.0,-0.4960887623042377,1.0
-0.12464471753821219,1.0,1.0,0.0,1.0,1.0,0.0,-0.19195486161664277,-0.27629058517189775,-1.0806728467858253,0.0,0.0,-0.7735294211762734,1.0,-0.5744194403912869,1.0,0.40732556029239947,1.0,-0.5429295006334687,0.0
0.9810177004436624,1.0,1.0,0.0,0.0,1.0,1.0,0.4105764236984029,-0.5578116394167612,-1.4912782829478477,0.0,0.0,2.442877937542082,1.0,1.2886344069939346,1.0,0.40732556029239947,1.0,-0.16095455842980003,0.0
0.19995342352068676,1.0,1.0,0.0,0.0,0.0,0.0,-0.30353472926757713,-0.7290284895413254,-1.0806728467858253,0.0,0.0,-0.020052343763201697,1.0,0.6340479199278268,1.0,0.40732556029239947,1.0,-0.15400898073073,0.0
-0.39852439905665815,0.0,1.0,0.0,1.0,1.0,0.0,0.27668058251728167,-0.2462783933409712,0.561748897862264,0.0,0.0,-0.25095205763557205,1.0,-0.5744194403912869,1.0,0.40732556029239947,1.0,-0.49963900718371956,0.0
-0.15000394730843866,1.0,1.0,1.0,0.0,1.0,1.0,-0.41511459691851155,0.18911095532099642,-1.0806728467858253,0.0,0.0,-0.4048852002171523,1.0,0.029814239877032054,1.0,0.40732556029239947,0.0,-0.6193244890742023,1.0
-0.5405360857699265,1.0,1.0,1.0,1.0,1.0,1.0,-0.444869228292094,4.274872384261598,0.15114346170024162,0.0,0.0,0.09539751317298348,1.0,-0.5744194403912869,1.0,0.40732556029239947,1.0,0.9701156870955078,1.0
0.49919233480935926,1.0,1.0,1.0,0.0,1.0,1.0,-0.3704826498581378,-0.44788911246176455,-0.2594619744617807,0.0,1.0,-0.6665715426058387,1.0,-0.5744194403912869,1.0,0.40732556029239947,0.0,-0.2606924600052024,0.0
-0.5405360857699265,0.0,1.0,1.0,0.0,0.0,1.0,0.767632000181393,-0.514794197569242,0.9723543340242863,0.0,1.0,0.02612759901127235,1.0,-0.5744194403912869,1.0,-0.30963693716415197,0.0,-0.21018688431382843,0.0
-0.3934525531026129,0.0,1.0,1.0,1.0,1.0,0.0,-0.504378491039259,1.5174800966937196,0.561748897862264,1.0,0.0,-0.09701891505399181,1.0,-0.5744194403912869,1.0,0.40732556029239947,1.0,-0.5938594929272911,0.0
-0.3833088611945223,0.0,0.0,1.0,0.0,1.0,0.0,-0.49693983319586343,-0.06463217949498896,0.9723543340242863,1.0,0.0,-0.8051113709292609,1.0,0.8757413917741255,0.0,0.40732556029239947,1.0,-0.14822206035634442,0.0
-0.4762927036853527,0.0,0.0,0.0,1.0,0.0,0.0,-0.49693983319586343,-0.24434699596556364,0.561748897862264,0.0,0.0,0.5315414171541276,0.0,-0.36116049443769166,0.0,-1.2601698837921038,1.0,-0.19702996963792432,0.0
3.543517150265509,1.0,1.0,1.0,0.0,1.0,1.0,0.008888900155039136,-0.7374745557392889,-0.670067410623803,0.0,0.0,0.21084737010916865,1.0,0.7051342351127605,1.0,0.40732556029239947,0.0,-0.18641955457671128,1.0
-1.0578643730825468,0.0,1.0,1.0,0.0,1.0,1.0,-0.504378491039259,0.40643102977959317,0.561748897862264,0.0,0.0,-0.7522096809287244,1.0,0.6340479199278268,1.0,0.40732556029239947,0.0,-0.4410695160458237,1.0
-0.46953024241329233,0.0,0.0,0.0,0.0,0.0,0.0,-0.3704826498581378,-0.1533178611821436,0.9723543340242863,0.0,0.0,-0.5665149999278115,0.0,-0.030609128193304653,0.0,0.40732556029239947,0.0,1.8507801371761883,0.0
-0.4847457802754282,0.0,1.0,0.0,1.0,1.0,0.0,-0.49693983319586343,0.7126091242159887,0.9723543340242863,1.0,0.0,0.25959286526000236,1.0,-0.5744194403912869,1.0,0.40732556029239947,1.0,-0.24583787891950415,0.0
2.2185481132307148,1.0,1.0,1.0,0.0,1.0,0.0,-0.41511459691851155,-0.6740356886532913,-0.2594619744617807,0.0,0.0,-0.09701891505399181,0.0,0.6340479199278268,0.0,0.40732556029239947,1.0,-0.4745984276392568,0.0
-0.8144157672883725,1.0,1.0,1.0,0.0,1.0,1.0,0.27668058251728167,-0.2829869459002961,-0.2594619744617807,0.0,1.0,-0.09701891505399181,1.0,1.2382816006311943,1.0,0.40732556029239947,0.0,0.7048553105651822,0.0
-0.04349518227348744,0.0,0.0,0.0,0.0,0.0,0.0,2.5082779355359692,-0.36387485797561814,0.014274982979567622,0.0,0.0,2.560893346854627,0.0,-0.1715969869515823,0.0,0.40732556029239947,0.0,4.813208022266861,1.0
-0.3528777854702505,1.0,1.0,1.0,0.0,0.0,0.0,-0.43743057044869843,0.9127966866455987,-1.0806728467858253,0.0,1.0,-0.09701891505399181,1.0,-0.5744194403912869,1.0,0.40732556029239947,0.0,-0.693172977900245,0.0
0.34703695618800035,1.0,1.0,1.0,0.0,1.0,1.0,-0.03574304690533462,0.9642622640749747,-1.0806728467858253,0.0,1.0,0.05691422752758842,1.0,0.06535739746949888,1.0,0.40732556029239947,0.0,-0.5556619987069243,1.0
0.31660588046372856,1.0,1.0,0.0,0.0,1.0,0.0,-0.39279862338832466,-0.12016972499912705,0.15114346170024162,0.0,0.0,-0.7512347710257078,0.0,-0.5744194403912869,1.0,-1.8989038065261743,1.0,-0.5174645044865575,1.0
-0.018135952503260964,1.0,1.0,1.0,0.0,1.0,1.0,-0.3704826498581378,-0.18936056877992138,-1.0806728467858253,0.0,0.0,-0.32791862892636214,1.0,-0.5744194403912869,1.0,0.40732556029239947,0.0,-0.4542264307217278,1.0
-0.46953024241329233,0.0,0.0,0.0,0.0,0.0,0.0,-0.504378491039259,0.49551303987001577,0.9723543340242863,0.0,0.0,-0.7384070091439096,0.0,-0.36116049443769166,0.0,-0.6760844358641673,1.0,-0.2500820449439894,0.0
-0.5033425487735943,1.0,1.0,1.0,0.0,1.0,1.0,-0.444869228292094,-0.6053494434410687,-0.2594619744617807,0.0,1.0,-0.6357849140895226,1.0,1.2382816006311943,1.0,0.40732556029239947,0.0,-0.6731553688457604,1.0
1.5997829068371887,1.0,1.0,1.0,0.0,1.0,0.0,-0.4746238596656766,-0.7247336902089198,-1.4912782829478477,0.0,0.0,-0.4048852002171523,1.0,-0.5744194403912869,1.0,0.40732556029239947,1.0,-0.6878253287093936,1.0
3.543517150265509,1.0,1.0,0.0,0.0,1.0,0.0,0.3436285031078423,-0.7189923915350129,-1.0806728467858253,0.0,1.0,2.211978223669712,0.0,-0.5744194403912869,1.0,0.40732556029239947,0.0,0.13189289725967926,1.0
-0.2514408663893446,1.0,1.0,1.0,0.0,1.0,0.0,-0.3704826498581378,-0.301681428892037,0.15114346170024162,0.0,0.0,-0.6742681997349177,1.0,-0.5744194403912869,1.0,0.40732556029239947,0.0,-0.6416063607027498,1.0
-0.5912545453103795,0.0,0.0,0.0,0.0,0.0,0.0,-0.4895011753524678,-0.47408188382828215,0.15114346170024162,0.0,0.0,-0.6298841436238954,0.0,-0.5744194403912869,0.0,0.40732556029239947,1.0,-0.6934276278617141,1.0
0.25574372901518505,1.0,1.0,1.0,0.0,1.0,1.0,-0.30353472926757713,-0.4527528268141494,-0.670067410623803,0.0,1.0,-0.4818517715079424,1.0,0.7851063401036688,1.0,0.40732556029239947,1.0,-0.09092581902579412,1.0
0.5093360267174498,1.0,0.0,1.0,0.0,0.0,1.0,0.8643345521455362,-0.4943658192008817,-1.0806728467858253,0.0,1.0,-0.46055768678415715,1.0,-0.5744194403912869,0.0,0.40732556029239947,0.0,-0.059094573842155065,0.0
-0.47460208836733764,0.0,0.0,0.0,0.0,0.0,0.0,-0.504378491039259,0.17586971276519814,-0.2594619744617807,0.0,0.0,-0.6691370949821984,0.0,-0.5744194403912869,0.0,-0.5765063112174237,1.0,-0.4084743209777773,1.0
-0.08914179585989511,1.0,1.0,0.0,0.0,1.0,0.0,-0.19195486161664277,-0.2558590613400195,-1.0806728467858253,0.0,0.0,0.13388079881837853,1.0,-0.5744194403912869,1.0,0.40732556029239947,0.0,-0.33018346357390604,1.0
2.1272548860578993,1.0,1.0,1.0,0.0,1.0,1.0,-0.19195486161664277,-0.6750294895742677,0.15114346170024162,0.0,1.0,-0.5588183427987325,1.0,0.33193107990242954,1.0,0.40732556029239947,1.0,1.4688051949725196,1.0
-0.11450102563012159,1.0,1.0,1.0,0.0,1.0,1.0,-0.30353472926757713,0.47899041666209796,-0.670067410623803,0.0,1.0,-0.5588183427987325,1.0,-0.27230260025712744,0.0,-4.595160771961112,0.0,-0.6893532284782083,1.0
0.666563251292854,0.0,0.0,0.0,0.0,0.0,0.0,2.352066120824661,-0.6109154239115249,3.583804908014754,0.0,0.0,-0.42461429799135814,0.0,-0.5744194403912869,0.0,0.40732556029239947,1.0,-0.4410695160458237,0.0
-0.5709671614941982,1.0,1.0,1.0,0.0,1.0,1.0,-0.444869228292094,0.11077103424596563,-1.4912782829478477,0.0,1.0,-0.09701891505399181,1.0,-0.5744194403912869,0.0,-3.3447781763968862,0.0,-0.37664307579413825,0.0
-0.46953024241329233,0.0,1.0,0.0,0.0,1.0,1.0,-0.504378491039259,3.167155108191235,0.561748897862264,0.0,0.0,0.7342200548865415,0.0,-0.36116049443769166,1.0,0.40732556029239947,1.0,-0.565211372262016,0.0
-0.8194876132424177,0.0,0.0,0.0,1.0,0.0,0.0,-0.4820625175090722,-0.5584123401733433,0.15114346170024162,0.0,0.0,-0.710185933003953,0.0,-0.36116049443769166,0.0,-0.6760844358641673,1.0,-0.5683944967803799,0.0
2.91339100893492,1.0,1.0,0.0,0.0,1.0,0.0,-0.3630439920147422,-0.7364670968846159,-0.2594619744617807,0.0,0.0,-0.7453083450363169,0.0,-0.5744194403912869,1.0,0.40732556029239947,1.0,-0.5556619987069243,0.0
-0.46953024241329233,0.0,0.0,1.0,0.0,1.0,1.0,-0.23658680867701654,1.4734227480520785,2.2041706425103533,1.0,0.0,-0.011586020921214826,1.0,-0.5744194403912869,0.0,0.40732556029239947,1.0,4.893847176732079,0.0
-0.16014763921652925,1.0,1.0,1.0,0.0,1.0,1.0,-0.39279862338832466,0.20299412076053383,-0.670067410623803,0.0,1.0,-0.6742681997349177,0.0,0.26221180911060515,1.0,0.40732556029239947,0.0,-0.6638882323312971,1.0
-0.5963263912644248,1.0,1.0,0.0,1.0,1.0,1.0,-0.4523078861354897,-0.53207794017316,0.15114346170024162,0.0,0.0,-0.7127514853803127,1.0,-0.5744194403912869,1.0,0.40732556029239947,1.0,-0.48351117629067575,0.0
-0.8194876132424177,0.0,1.0,1.0,0.0,1.0,0.0,0.7230000531210192,-0.49144641517939924,0.9723543340242863,0.0,0.0,-0.28173868615188813,0.0,0.33193107990242954,1.0,0.40732556029239947,0.0,1.8507801371761883,1.0
0.5701981781659934,1.0,1.0,0.0,0.0,1.0,0.0,0.566788238409711,-0.19281552935302107,-1.0806728467858253,0.0,0.0,3.058610507868403,1.0,0.10534344985619092,1.0,0.16833806114021566,1.0,0.32288036836151357,1.0
0.027510661083146704,0.0,1.0,1.0,0.0,1.0,1.0,-0.23658680867701654,-0.5130893563424861,0.561748897862264,0.0,0.0,-0.6357849140895226,1.0,0.4527778159343409,1.0,0.40732556029239947,1.0,-0.6829869794414805,1.0
1.3918372227213316,1.0,1.0,0.0,0.0,1.0,1.0,0.07583682074559978,-0.7312284101707431,-0.2594619744617807,0.0,1.0,0.5502956050253167,1.0,5.667746071445353,1.0,0.40732556029239947,0.0,0.7048553105651822,0.0
-0.26665640425148046,1.0,1.0,1.0,0.0,1.0,1.0,-0.504378491039259,0.3487260115854861,-1.0806728467858253,0.0,1.0,-0.5844738665623292,0.0,-0.5744194403912869,0.0,-1.4448275581370251,0.0,-0.6817137296341349,0.0
-0.464458396459247,0.0,1.0,1.0,0.0,1.0,1.0,-0.504378491039259,-0.5955457786336654,1.793565206348331,0.0,0.0,-0.3856435573944548,1.0,0.4326366932804827,1.0,0.40732556029239947,0.0,3.1240299445217503,1.0
-0.5354642398158812,1.0,1.0,0.0,1.0,1.0,0.0,-0.4820625175090722,0.6294946378467016,-0.670067410623803,0.0,0.0,-0.4818517715079424,0.0,-0.5744194403912869,1.0,0.40732556029239947,1.0,-0.6167779894595112,0.0
-0.5929451606283945,0.0,0.0,0.0,1.0,0.0,0.0,-0.4820625175090722,0.6160875962533624,0.42488041914158997,0.0,0.0,-0.6042029643365351,0.0,0.06535739746949888,0.0,-0.7597300605674316,1.0,-0.48351117629067575,0.0
-0.5084143947276396,1.0,1.0,1.0,0.0,1.0,0.0,-0.49693983319586343,-0.6674510746551376,-0.2594619744617807,0.0,0.0,-0.5588183427987325,0.0,0.6340479199278268,1.0,0.40732556029239947,0.0,-0.4011743554156627,1.0
0.08330096657764496,1.0,1.0,1.0,0.0,1.0,1.0,0.18741668839653416,0.9417050691077745,-0.670067410623803,0.0,1.0,1.05747965430786,1.0,0.029814239877032054,1.0,0.40732556029239947,0.0,0.9276740268506556,0.0
-0.8347031511045536,0.0,0.0,0.0,0.0,0.0,0.0,-0.43743057044869843,-0.6911124928678671,-0.670067410623803,0.0,0.0,0.6983023216175059,0.0,-0.5744194403912869,0.0,-0.37336693693806744,0.0,-0.5683944967803799,1.0
-0.9716429918637767,1.0,1.0,0.0,0.0,1.0,1.0,0.49984031781915045,-0.7375043548673541,0.15114346170024162,0.0,0.0,-0.09701891505399181,1.0,-0.5744194403912869,1.0,-0.37336693693806744,1.0,0.609361575014265,1.0
-0.8194876132424177,1.0,1.0,1.0,0.0,1.0,1.0,-0.3481666763279509,-0.7349570260699088,-0.2594619744617807,0.0,1.0,-0.6357849140895226,1.0,-0.3611604944014376,1.0,0.40732556029239947,1.0,-0.241593712895019,1.0
2.7105171707731084,1.0,1.0,1.0,0.0,1.0,1.0,-0.41511459691851155,-0.6924873087513003,-1.0806728467858253,0.0,0.0,-0.09701891505399181,1.0,1.3449110728647846,1.0,0.40732556029239947,0.0,-0.37952910869078815,1.0
1.4222682984456032,1.0,1.0,1.0,0.0,0.0,1.0,-0.43743057044869843,-0.5809588571196534,-1.0806728467858253,0.0,1.0,-0.6357849140895226,1.0,0.04758581861888448,1.0,0.40732556029239947,0.0,-0.47926701026619056,1.0
-0.39852439905665815,1.0,1.0,1.0,0.0,0.0,1.0,-0.21427083514682965,-0.3299675062297834,-1.0806728467858253,0.0,1.0,2.9816439365776133,0.0,-0.5744194403912869,1.0,0.40732556029239947,0.0,-0.6474208681562945,1.0
0.3267495723718192,1.0,1.0,0.0,1.0,1.0,1.0,-0.2812187557373903,-0.6271604185763013,-0.670067410623803,0.0,0.0,-0.36640191457175725,1.0,1.8425152802469407,1.0,-0.10649756288479573,1.0,0.03639916170876209,1.0
-0.7636973077479196,0.0,0.0,0.0,1.0,0.0,0.0,-0.41511459691851155,-0.4092031394292424,-0.533198931903129,0.0,0.0,0.6085079884449177,0.0,-0.5744194403912869,0.0,-2.0408623810225714,1.0,-0.12275706420943318,0.0
-0.18550686898675572,1.0,1.0,1.0,0.0,1.0,1.0,-0.16963888808645589,-0.7134683781699154,0.15114346170024162,0.0,1.0,-0.7127514853803127,1.0,-0.17159698687907424,1.0,0.40732556029239947,1.0,-0.15458830939307222,1.0
-0.2311534825731634,0.0,1.0,1.0,0.0,1.0,1.0,0.5221562913493374,0.0894495097892049,3.025381514834398,0.0,1.0,0.5325676381046713,1.0,-0.5744194403912869,1.0,0.40732556029239947,1.0,-0.600225741964019,0.0
2.046105350793175,1.0,1.0,1.0,0.0,1.0,1.0,0.3659444766380292,-0.6903305968575771,-0.2594619744617807,0.0,1.0,-0.09701891505399181,1.0,-0.5744194403912869,1.0,0.40732556029239947,0.0,0.0045679165251230405,1.0
-1.3469595924631284,0.0,1.0,1.0,0.0,1.0,1.0,-0.325850702797764,-0.4086039286290635,0.9723543340242863,0.0,0.0,-0.22786208624833496,1.0,0.06535739746949888,0.0,0.40732556029239947,0.0,-0.18641955457671128,1.0
-0.5608234695861076,0.0,1.0,1.0,0.0,1.0,1.0,-0.4820625175090722,1.4113790736588359,1.3829597701863086,1.0,1.0,-0.7435381138966288,1.0,-0.5744194403912869,1.0,0.40732556029239947,0.0,-0.6702544813680249,1.0
-0.5303923938618359,0.0,0.0,0.0,1.0,0.0,0.0,-0.4820625175090722,1.5099722063776773,0.561748897862264,0.0,0.0,-0.06110118178495642,0.0,-0.5744194403912869,0.0,0.40732556029239947,1.0,-0.6734376058863888,0.0
-0.9310682242314142,0.0,1.0,0.0,0.0,1.0,1.0,0.3659444766380292,-0.19133790647776283,0.561748897862264,0.0,1.0,-0.32791862892636214,1.0,0.8153180243563611,1.0,0.40732556029239947,1.0,0.013056248574093494,0.0
0.631060329614537,1.0,1.0,1.0,0.0,1.0,1.0,-0.4597465439788853,-0.17459659077998832,-1.0806728467858253,0.0,0.0,-0.6357849140895226,1.0,0.6577433579602646,1.0,0.40732556029239947,0.0,-0.6918997280928995,1.0
-2.371472475180278,1.0,1.0,1.0,0.0,1.0,1.0,-0.21427083514682965,-0.39255163499244233,-0.2594619744617807,0.0,1.0,-0.6126949427022856,1.0,0.20245243419279657,1.0,0.40732556029239947,1.0,-0.5556619987069243,0.0
-0.12464471753821219,0.0,1.0,1.0,0.0,0.0,1.0,0.7601933423379973,-0.6815368741655189,-0.670067410623803,0.0,0.0,0.28781394139995875,1.0,-0.5744194403912869,1.0,0.40732556029239947,0.0,-0.2240377201347359,1.0
1.604854752791234,1.0,1.0,1.0,0.0,0.0,0.0,-0.013427073375147742,-0.7333448932415783,0.15114346170024162,0.0,0.0,0.09539751317298348,1.0,-0.5744194403912869,1.0,0.40732556029239947,1.0,-0.1991520526501669,0.0
0.9100118570870283,1.0,1.0,1.0,0.0,1.0,1.0,0.031204873685226012,-0.6701722316996304,-1.0806728467858253,0.0,1.0,0.28781394139995875,1.0,0.029814239877032054,1.0,0.40732556029239947,0.0,-0.5683944967803799,0.0
1.1281012331109759,1.0,1.0,1.0,0.0,1.0,1.0,-0.43743057044869843,-0.6896099546105322,-1.0806728467858253,0.0,0.0,-0.5588183427987325,1.0,1.1529780217567016,1.0,0.40732556029239947,1.0,-0.3222328673602379,0.0
1.0368080059381606,1.0,1.0,1.0,0.0,1.0,0.0,-0.21427083514682965,-0.6280901513719375,-1.4912782829478477,0.0,1.0,2.9816439365776133,0.0,-0.5744194403912869,0.0,0.40732556029239947,1.0,-0.42791260136991954,1.0
-0.5844920840383191,0.0,0.0,0.0,0.0,0.0,0.0,-0.4820625175090722,-0.566376488250207,0.15114346170024162,0.0,0.0,-0.6434815712186016,0.0,-0.5744194403912869,0.0,0.40732556029239947,1.0,-0.6521191599453996,1.0
-0.46953024241329233,0.0,0.0,0.0,0.0,0.0,0.0,-0.504378491039259,0.49551303987001577,0.15114346170024162,0.0,0.0,-0.5169998390640699,0.0,-0.36116049443769166,0.0,-0.5765063112174237,1.0,-0.6934276278617141,1.0
-0.08914179585989511,0.0,1.0,1.0,0.0,1.0,1.0,0.566788238409711,-0.7124052942761873,0.561748897862264,0.0,1.0,-0.09701891505399181,1.0,0.06535739746949888,0.0,0.40732556029239947,0.0,-0.6447894852211137,1.0
0.25574372901518505,1.0,1.0,1.0,0.0,1.0,1.0,-0.504378491039259,0.13032497375632202,-1.0806728467858253,0.0,0.0,0.013299837129473904,1.0,-0.5744194403912869,1.0,0.40732556029239947,1.0,-0.5662266616583933,1.0
-0.5642047002221379,0.0,1.0,0.0,0.0,0.0,0.0,-0.42999191260530284,-0.5894846359851915,1.793565206348331,1.0,0.0,-0.7897180566711028,1.0,-0.5744194403912869,1.0,0.40732556029239947,0.0,0.11067206713725318,0.0
0.15430680993427912,0.0,1.0,1.0,0.0,1.0,0.0,0.18741668839653416,-0.09866369427442892,3.025381514834398,0.0,1.0,-0.5203350571533375,1.0,1.6008218084006423,1.0,0.40732556029239947,0.0,0.25921787799423546,1.0
-0.5456079317239718,1.0,1.0,0.0,1.0,1.0,0.0,-0.4671852018222809,-0.5109245324639008,-1.0806728467858253,0.0,0.0,2.9816439365776133,0.0,-0.5744194403912869,1.0,-4.595160771961112,1.0,-0.027263328658516012,0.0
-0.548989162360002,1.0,1.0,0.0,0.0,0.0,0.0,-0.49693983319586343,-0.046691035015809006,-1.0806728467858253,0.0,0.0,0.13388079881837853,1.0,-0.5744194403912869,1.0,0.40732556029239947,1.0,-0.2176714710980081,0.0
-0.47460208836733764,0.0,0.0,0.0,1.0,1.0,1.0,-0.444869228292094,-0.4635819127284206,0.9723543340242863,1.0,0.0,-0.8435946565746559,1.0,0.029814239877032054,0.0,0.40732556029239947,1.0,-0.22079729937504144,0.0
-0.18550686898675572,1.0,1.0,1.0,0.0,1.0,1.0,-0.3481666763279509,0.3816222623609954,-0.2594619744617807,0.0,1.0,-0.7127514853803127,1.0,-0.05650485733523119,1.0,0.40732556029239947,1.0,-0.6384232361843858,1.0
1.8178722828611364,1.0,1.0,0.0,0.0,1.0,0.0,-0.4597465439788853,-0.6150689257116877,-1.4912782829478477,0.0,0.0,-0.7127514853803127,1.0,-0.25453102140651296,1.0,0.40732556029239947,0.0,-0.3222328673602379,0.0
-0.5101050100456547,0.0,1.0,1.0,0.0,1.0,0.0,-0.4820625175090722,2.8846924014995095,0.9723543340242863,1.0,1.0,-0.7435381138966288,0.0,1.098843058177449,1.0,0.40732556029239947,1.0,-0.5047320064131018,0.0
-0.412049321600779,0.0,0.0,0.0,0.0,0.0,0.0,-0.4746238596656766,0.10394016356449498,-0.3963304531824549,0.0,0.0,-0.39975409546443297,0.0,-0.5744194403912869,0.0,-0.07064943801196816,1.0,-0.6733399900678256,1.0
0.027510661083146704,1.0,1.0,1.0,0.0,0.0,1.0,-0.30353472926757713,-0.6385106581302916,-1.0806728467858253,0.0,0.0,-0.17398548634478192,0.0,-0.5744194403912869,1.0,0.40732556029239947,1.0,-0.5944961178309639,0.0
-0.30215932592979755,1.0,1.0,1.0,0.0,1.0,0.0,-0.21427083514682965,0.20142544499396509,-0.2594619744617807,0.0,0.0,-0.6126949427022856,1.0,-0.5744194403912869,1.0,0.40732556029239947,0.0,-0.5683944967803799,0.0
-0.46953024241329233,1.0,1.0,1.0,0.0,1.0,1.0,-0.4746238596656766,-0.07817637985278404,-0.2594619744617807,0.0,0.0,0.4109604554652231,1.0,-0.21187923229555275,1.0,0.40732556029239947,0.0,-0.6276006128219486,1.0
-0.5861826993563342,0.0,0.0,0.0,1.0,0.0,0.0,-0.49693983319586343,0.9824938672774352,0.698617376582938,0.0,0.0,-0.5690805523041712,0.0,-0.36116049443769166,0.0,-2.8269719282338213,1.0,-0.48351117629067575,0.0
-0.40359624501070346,1.0,1.0,0.0,1.0,1.0,0.0,-0.504378491039259,1.0599525619152916,-0.670067410623803,0.0,1.0,-0.4818517715079424,1.0,-0.5744194403912869,1.0,0.40732556029239947,1.0,-0.6638882323312971,0.0
0.027510661083146704,1.0,1.0,1.0,0.0,1.0,1.0,-0.12500694102608212,-0.30533678860137553,-1.0806728467858253,0.0,1.0,-0.32791862892636214,1.0,0.07868608163465025,1.0,0.40732556029239947,0.0,-0.4723214325671205,0.0
-1.7577791147407975,0.0,1.0,1.0,0.0,1.0,1.0,7.049578548928999,0.17907709224928897,-0.2594619744617807,0.0,0.0,1.9102692642098142,1.0,5.667746071445353,1.0,0.40732556029239947,0.0,1.8507801371761883,1.0
-0.4898176262294735,0.0,0.0,0.0,1.0,0.0,0.0,-0.504378491039259,1.6539584477254956,0.15114346170024162,0.0,0.0,-0.7255792472621111,0.0,-0.36116049443769166,0.0,0.40732556029239947,1.0,0.04064332773324726,0.0
0.13909127207214322,0.0,1.0,1.0,0.0,0.0,0.0,-0.504378491039259,-0.7331996224922601,0.9723543340242863,0.0,1.0,3.2587235932244574,0.0,-0.37300821363518055,1.0,0.40732556029239947,0.0,4.779254694070981,0.0
-2.0367306422132887,1.0,1.0,1.0,0.0,1.0,1.0,-0.43743057044869843,-0.5369967001371098,-0.2594619744617807,0.0,0.0,-0.6126949427022856,1.0,-0.5744194403912869,0.0,0.40732556029239947,1.0,-0.6212358916849896,1.0
-0.26158455829743515,1.0,1.0,1.0,0.0,1.0,1.0,0.7601933423379973,1.0172855909239622,-1.4912782829478477,0.0,1.0,-0.09701891505399181,1.0,-0.5744194403912869,0.0,0.40732556029239947,0.0,-0.18217538855222606,0.0
-0.46953024241329233,0.0,0.0,0.0,0.0,0.0,0.0,-0.504378491039259,0.49878092813915026,1.3829597701863086,0.0,0.0,-0.7794558471656642,0.0,-0.36116049443769166,0.0,-0.6760844358641673,1.0,3.1240299445217503,0.0
-0.5354642398158812,1.0,1.0,0.0,0.0,0.0,1.0,-0.3704826498581378,1.0861893697710612,-0.2594619744617807,0.0,1.0,-0.6126949427022856,0.0,0.20245243419279657,1.0,0.40732556029239947,0.0,-0.47926701026619056,1.0
0.17459419375046029,1.0,1.0,1.0,1.0,1.0,0.0,0.49984031781915045,-0.4107924262593896,0.15114346170024162,0.0,0.0,0.018430941882193363,1.0,0.06535739746949888,1.0,0.40732556029239947,1.0,-0.09092581902579412,0.0
-0.05871072013562333,0.0,1.0,0.0,0.0,1.0,1.0,1.459427179617186,-0.22295709906496433,0.42488041914158997,0.0,0.0,-0.4913186597767096,1.0,-0.5744194403912869,1.0,0.40732556029239947,1.0,0.19555538762695734,0.0
-0.8194876132424177,1.0,1.0,1.0,1.0,1.0,0.0,-0.4820625175090722,1.4920654136711282,0.15114346170024162,0.0,0.0,0.6726467978539094,1.0,-0.5744194403912869,1.0,0.40732556029239947,1.0,-0.059094573842155065,0.0
-0.5134862406816849,1.0,1.0,1.0,0.0,0.0,1.0,-0.504378491039259,1.0507183228518127,-1.0806728467858253,0.0,0.0,-0.5588183427987325,0.0,0.2715077119408548,1.0,0.40732556029239947,1.0,-0.23889230122043412,0.0
1.0215924680760247,0.0,1.0,1.0,0.0,1.0,1.0,7.049578548928999,-0.6885925627131708,0.561748897862264,0.0,1.0,5.065205987990603,1.0,2.3604298630854723,1.0,0.40732556029239947,0.0,-0.12275706420943318,0.0
-0.46953024241329233,1.0,1.0,1.0,0.0,1.0,1.0,-0.4820625175090722,1.8457147607458189,-1.0806728467858253,0.0,0.0,0.28781394139995875,0.0,-0.5744194403912869,1.0,0.40732556029239947,0.0,1.2141552335034071,1.0
-0.4898176262294735,1.0,1.0,1.0,0.0,1.0,1.0,-0.23658680867701654,-0.6793900953144841,-0.2594619744617807,0.0,0.0,-0.6357849140895226,1.0,0.6340479199278268,1.0,0.40732556029239947,0.0,0.19555538762695734,0.0
-0.47460208836733764,0.0,1.0,1.0,1.0,1.0,1.0,-0.49693983319586343,0.2142109264410763,-0.2594619744617807,0.0,0.0,-0.2255530891096113,1.0,-0.5744194403912869,1.0,0.40732556029239947,1.0,-0.2176714710980081,0.0
-0.16521948517057455,1.0,1.0,1.0,0.0,1.0,0.0,-0.39279862338832466,-0.12917452484831418,-0.2594619744617807,0.0,0.0,0.4109604554652231,1.0,-0.5744194403912869,1.0,0.40732556029239947,0.0,-0.6002258692889997,0.0
0.3267495723718192,1.0,1.0,1.0,0.0,1.0,1.0,0.4552083707587767,-0.6544509567106008,0.15114346170024162,0.0,0.0,-0.11626055787668935,1.0,-0.5744194403912869,0.0,0.40732556029239947,1.0,-0.06970498890336804,1.0
-0.5929451606283945,0.0,0.0,0.0,1.0,0.0,0.0,-0.49693983319586343,1.0101986960671974,0.2880119404209156,0.0,0.0,-0.6460471235949613,0.0,-0.36116049443769166,0.0,-1.6599163073739904,1.0,-0.5471736666579539,0.0
3.543517150265509,1.0,1.0,0.0,0.0,1.0,0.0,2.0619584649322316,-0.7381231834268427,-0.2594619744617807,0.0,0.0,2.5198445088328723,0.0,1.4648692303511466,1.0,0.04884431156412375,0.0,1.8507801371761883,1.0
-2.452622010445003,0.0,1.0,1.0,1.0,1.0,0.0,-0.147322914556269,-0.7124701073797292,1.793565206348331,0.0,0.0,1.05747965430786,1.0,-0.5744194403912869,1.0,0.40732556029239947,1.0,2.8057174926853596,1.0
-0.20072240684889162,1.0,1.0,0.0,0.0,1.0,1.0,-0.41511459691851155,0.19034223873758185,-1.0806728467858253,0.0,0.0,-0.6126949427022856,0.0,-0.5744194403912869,1.0,0.40732556029239947,1.0,-0.4542264307217278,1.0
-0.976714837817822,1.0,1.0,1.0,0.0,1.0,1.0,-0.23658680867701654,-0.668429479359947,-0.2594619744617807,0.0,1.0,-0.7127514853803127,1.0,0.06757884486661149,0.0,0.40732556029239947,1.0,-0.6702544813680249,1.0
0.01736696917505611,1.0,1.0,1.0,0.0,1.0,1.0,-0.2812187557373903,-0.3421650343250959,-1.0806728467858253,0.0,1.0,0.3647805126907489,1.0,2.1446321205986245,1.0,0.40732556029239947,0.0,-0.4542264307217278,1.0
-2.6388601938775462,0.0,1.0,1.0,0.0,1.0,1.0,1.2585834178455042,-0.7385663461263865,2.2041706425103533,0.0,0.0,-0.7820213995420239,1.0,-0.234537995267548,0.0,0.40732556029239947,1.0,-0.059094573842155065,1.0
-0.43909916668902055,0.0,0.0,0.0,0.0,0.0,0.0,-0.504378491039259,-0.5707966094711981,0.15114346170024162,0.0,0.0,0.6554575969322997,0.0,-0.5744194403912869,0.0,-1.2601698837921038,1.0,-0.6550603670003678,1.0
0.23038449924495855,1.0,1.0,1.0,0.0,0.0,1.0,-0.19195486161664277,-0.6543878818895293,-0.670067410623803,0.0,1.0,1.05747965430786,0.0,-0.5744194403912869,1.0,0.40732556029239947,0.0,-0.5683944967803799,1.0
-0.14493210135439336,1.0,1.0,1.0,0.0,1.0,1.0,0.7601933423379973,2.1922699287324403,-1.4912782829478477,0.0,1.0,-0.7897180566711028,1.0,-0.5744194403912869,1.0,0.40732556029239947,0.0,-0.18217538855222606,1.0
-0.27172825020552577,1.0,1.0,1.0,0.0,1.0,1.0,-0.3481666763279509,-0.1579791070143961,-0.670067410623803,0.0,1.0,-0.4818517715079424,1.0,1.8425152802469407,0.0,0.40732556029239947,0.0,-0.4410695160458237,1.0
-0.26665640425148046,0.0,1.0,1.0,0.0,1.0,1.0,-0.23658680867701654,-0.09292438220905985,0.561748897862264,0.0,0.0,-0.09701891505399181,1.0,-0.5744194403912869,1.0,0.40732556029239947,1.0,-0.3751885152142267,1.0
-0.04856702822753274,0.0,1.0,1.0,0.0,1.0,1.0,-0.42999191260530284,-0.35386392367744973,3.025381514834398,0.0,0.0,-0.7412291167579051,1.0,-0.5744194403912869,1.0,0.40732556029239947,0.0,0.06823040689240115,1.0
1.8381596666773177,1.0,1.0,0.0,0.0,1.0,1.0,-0.19195486161664277,-0.7227180275213722,-0.670067410623803,0.0,1.0,-0.6101293903515814,1.0,-0.15610381564034087,1.0,0.40732556029239947,0.0,-0.396505772788729,1.0
-0.17029133112461986,1.0,1.0,1.0,0.0,1.0,1.0,-0.3481666763279509,-0.7349220120944321,-0.670067410623803,0.0,1.0,-0.4818517715079424,1.0,-0.5744194403912869,1.0,0.40732556029239947,1.0,-0.6447894852211137,1.0
-0.6166137750806059,0.0,1.0,1.0,1.0,1.0,1.0,-0.0580590204355215,-0.4994910209020392,0.9723543340242863,1.0,0.0,1.3322503138159807,0.0,-0.5744194403912869,1.0,-1.6838150572892088,1.0,0.9849702681812059,1.0
-1.3266722086469471,0.0,1.0,1.0,1.0,1.0,0.0,-0.40023728123172025,-0.7185878683715271,1.793565206348331,1.0,0.0,0.7342200548865415,1.0,0.029814239877032054,1.0,0.40732556029239947,1.0,0.03427707869651945,0.0
0.22531265329091324,1.0,1.0,0.0,0.0,1.0,0.0,0.031204873685226012,-0.47587024538897643,-1.0806728467858253,0.0,0.0,1.4423125107618104,1.0,-0.5744194403912869,1.0,0.40732556029239947,0.0,1.2141552335034071,1.0
-0.702835156299376,0.0,1.0,1.0,1.0,1.0,0.0,0.18741668839653416,1.4236808846305664,1.793565206348331,0.0,0.0,-0.3856435573944548,1.0,-0.5744194403912869,1.0,0.40732556029239947,1.0,-0.46152639628384245,0.0
-0.3883807071485676,1.0,1.0,0.0,1.0,0.0,0.0,-0.4820625175090722,0.07269792994731902,-1.0806728467858253,0.0,0.0,-0.09701891505399181,0.0,0.029814239877032054,1.0,0.40732556029239947,1.0,-0.6295104875329669,0.0
-0.4543147045511564,1.0,1.0,1.0,0.0,1.0,0.0,-0.4597465439788853,-0.42456513626423176,-1.0806728467858253,0.0,1.0,1.4423125107618104,0.0,0.4074602899903505,1.0,0.40732556029239947,0.0,-0.2343786306533941,1.0
-0.430646090098945,0.0,0.0,0.0,0.0,0.0,0.0,-0.4523078861354897,-0.2105450172475819,0.9723543340242863,0.0,0.0,-0.7845869519183836,0.0,-0.5744194403912869,0.0,0.40732556029239947,0.0,-0.43258118399685325,0.0
-0.6419730048508324,1.0,1.0,1.0,0.0,1.0,0.0,-0.147322914556269,1.7628140831204,-0.2594619744617807,0.0,1.0,0.4109604554652231,1.0,-0.15610381564034087,1.0,0.40732556029239947,0.0,-0.059094573842155065,0.0
-0.6233762363526663,0.0,0.0,0.0,0.0,0.0,0.0,-0.41511459691851155,0.07602806528396759,0.9723543340242863,0.0,0.0,0.009964619040206494,0.0,-0.5744194403912869,0.0,-1.3970300583065882,1.0,1.0571210905974544,0.0
3.3952163745692236,1.0,1.0,1.0,0.0,1.0,1.0,0.2543646089870948,-0.704958740498746,-0.670067410623803,0.0,1.0,1.05747965430786,1.0,-0.15610381564034087,1.0,0.40732556029239947,0.0,1.3414802142379634,0.0
-0.6216856210346512,0.0,0.0,0.0,0.0,0.0,0.0,-0.49693983319586343,0.5704845006186918,0.42488041914158997,0.0,0.0,-0.7974147138001818,0.0,-0.5744194403912869,0.0,0.40732556029239947,1.0,-0.4410695160458237,0.0
0.2912466506935021,0.0,1.0,1.0,0.0,1.0,1.0,-0.013427073375147742,-0.7331325744541133,0.561748897862264,0.0,1.0,-0.5588183427987325,1.0,-0.5744194403912869,1.0,0.40732556029239947,0.0,-0.2500820449439894,0.0
0.1593786558883244,1.0,1.0,1.0,0.0,1.0,0.0,-0.21427083514682965,-0.5530028051252298,-1.0806728467858253,0.0,0.0,0.21084737010916865,1.0,0.029814239877032054,1.0,0.40732556029239947,0.0,-0.4410695160458237,0.0
-0.8144157672883725,1.0,1.0,1.0,0.0,1.0,1.0,-0.43743057044869843,-0.5922837674147883,-1.4912782829478477,0.0,1.0,0.6726467978539094,1.0,0.7051342351127605,1.0,0.40732556029239947,0.0,-0.241593712895019,1.0
-0.46953024241329233,0.0,1.0,0.0,1.0,1.0,0.0,-0.24402546652041215,0.49551303987001577,0.9723543340242863,1.0,0.0,-0.671702647358558,0.0,-0.36116049443769166,1.0,0.40732556029239947,1.0,-0.2500820449439894,0.0
-0.46953024241329233,0.0,1.0,1.0,1.0,1.0,0.0,-0.4895011753524678,0.2509145952544128,-0.2594619744617807,0.0,0.0,1.05747965430786,0.0,-0.5744194403912869,1.0,-4.013943174023001,1.0,0.577530329830626,1.0
1.8685907424015893,1.0,0.0,0.0,0.0,0.0,1.0,0.09815279427578665,-0.6530717537333137,-0.2594619744617807,0.0,0.0,-0.05083897227951777,1.0,-0.5744194403912869,0.0,0.40732556029239947,0.0,-0.3222328673602379,1.0
-0.5658953155401529,0.0,1.0,0.0,1.0,0.0,0.0,-0.10269096749589525,1.8174249585170643,0.561748897862264,0.0,1.0,-0.5331628190351358,1.0,-0.5744194403912869,1.0,0.40732556029239947,0.0,-0.3137445353112675,0.0
-0.5337736244978661,0.0,0.0,0.0,0.0,0.0,0.0,-0.4820625175090722,-0.3864382610944985,-0.3963304531824549,0.0,0.0,-0.5331628190351358,0.0,-0.5744194403912869,0.0,-0.07064943801196816,1.0,-0.6521191599453996,1.0
-0.13478840944630277,0.0,1.0,1.0,0.0,0.0,1.0,-0.3704826498581378,-0.027392126376477807,0.9723543340242863,0.0,0.0,-0.22786208624833496,1.0,0.6340479199278268,0.0,-1.181941309069623,0.0,-0.059094573842155065,1.0
1.4983459877562828,1.0,1.0,1.0,0.0,1.0,1.0,0.29899655604746855,-0.7198679892479972,-0.2594619744617807,0.0,0.0,0.08231319605354917,1.0,-0.17159698687907424,1.0,0.40732556029239947,0.0,1.2778177238706854,1.0
-0.4999613181375641,1.0,1.0,0.0,0.0,1.0,0.0,-0.504378491039259,0.46717887005058617,-0.2594619744617807,0.0,1.0,-0.8489053499937205,0.0,0.5132011840046776,1.0,0.40732556029239947,1.0,0.020186447495228643,0.0
2.5887928678760215,1.0,1.0,0.0,0.0,1.0,0.0,1.6156389943284941,-0.7385663461263865,-0.670067410623803,0.0,1.0,2.827710793996033,0.0,0.14490636942087506,1.0,0.40732556029239947,0.0,0.3356128664349692,1.0
-0.6352105435787719,1.0,1.0,1.0,0.0,1.0,0.0,-0.444869228292094,-0.33929239837960484,-1.4912782829478477,0.0,1.0,0.05691422752758842,1.0,3.655216321269421,1.0,0.40732556029239947,0.0,-0.16519872445428527,1.0
-0.41373993691879407,0.0,0.0,0.0,0.0,0.0,0.0,-0.39279862338832466,-0.3822879047578537,-1.4912782829478477,0.0,0.0,0.96332388209546,0.0,-0.36116049443769166,0.0,-1.2601698837921038,0.0,-0.6804404798267893,1.0
-0.4796739343213829,1.0,1.0,1.0,0.0,1.0,0.0,-0.3704826498581378,-0.24782894130463357,-1.0806728467858253,0.0,1.0,-0.4818517715079424,0.0,-0.09103249626364136,1.0,-2.9026513029653462,0.0,-0.6798038549231166,1.0
-1.6259111199356198,0.0,0.0,0.0,0.0,0.0,0.0,-0.3704826498581378,-0.47408188382828215,-0.670067410623803,0.0,0.0,0.96332388209546,0.0,-0.36116049443769166,0.0,0.40732556029239947,0.0,0.0045679165251230405,0.0
1.0215924680760247,1.0,1.0,1.0,0.0,0.0,0.0,-0.41511459691851155,-0.5392793133469087,-1.4912782829478477,0.0,0.0,-0.4048852002171523,1.0,-0.5744194403912869,1.0,0.40732556029239947,0.0,-0.5683944967803799,0.0
0.8998681651789376,1.0,1.0,1.0,0.0,1.0,1.0,0.09815279427578665,-0.7283873116357878,-0.670067410623803,0.0,0.0,-0.09701891505399181,1.0,0.33193107990242954,0.0,0.40732556029239947,0.0,0.577530329830626,1.0
-0.16014763921652925,1.0,1.0,1.0,0.0,1.0,1.0,0.008888900155039136,-0.3241390451062857,0.15114346170024162,0.0,1.0,-0.6742681997349177,0.0,-0.05650485733523119,0.0,0.40732556029239947,1.0,-0.18641955457671128,1.0
-0.60139823721847,1.0,1.0,0.0,0.0,1.0,1.0,-0.4746238596656766,2.35927756924243,0.15114346170024162,0.0,1.0,0.09539751317298348,1.0,0.6340479199278268,1.0,0.40732556029239947,0.0,-0.6893532284782083,1.0
0.01736696917505611,1.0,1.0,1.0,0.0,1.0,1.0,-0.2812187557373903,-0.3421650343250959,-1.0806728467858253,0.0,1.0,0.3647805126907489,1.0,2.1446321205986245,1.0,0.40732556029239947,0.0,-0.4542264307217278,1.0
0.9100118570870283,1.0,1.0,1.0,0.0,1.0,0.0,0.05352084721541289,-0.7141502815504754,-0.670067410623803,0.0,1.0,1.05747965430786,1.0,0.7051342351127605,0.0,0.40732556029239947,0.0,-0.18641955457671128,1.0
0.10358835039382615,0.0,1.0,1.0,0.0,1.0,1.0,2.5752258561265298,-0.638968819724295,1.3829597701863086,0.0,1.0,0.28781394139995875,0.0,-0.5744194403912869,0.0,-0.37336693693806744,0.0,0.5011353413898922,1.0
-0.8803497646909613,1.0,1.0,1.0,0.0,1.0,1.0,0.008888900155039136,-0.25870785798305834,-0.2594619744617807,0.0,1.0,0.4109604554652231,1.0,-0.5744194403912869,1.0,-0.5844725611891634,0.0,-0.2500821722689701,1.0
0.8745089354087111,1.0,0.0,1.0,0.0,1.0,1.0,-0.21427083514682965,-0.665352719387209,0.15114346170024162,0.0,0.0,-0.6742681997349177,0.0,1.098843058177449,1.0,0.40732556029239947,1.0,-0.632056987147658,1.0
0.7578564784656694,0.0,1.0,1.0,1.0,1.0,1.0,-0.4820625175090722,-0.7060883757784866,0.014274982979567622,0.0,0.0,-0.3856435573944548,0.0,-0.5744194403912869,1.0,0.40732556029239947,1.0,0.32288036836151357,0.0
-0.4898176262294735,0.0,1.0,1.0,1.0,1.0,0.0,-0.49693983319586343,1.3792794388351273,0.9723543340242863,1.0,0.0,-0.7897180566711028,0.0,-0.5744194403912869,1.0,0.40732556029239947,1.0,-0.24583787891950415,0.0
0.24052819115304913,1.0,1.0,1.0,0.0,1.0,1.0,0.07583682074559978,-0.5137593400718201,-1.0806728467858253,0.0,0.0,1.4423125107618104,1.0,-0.27230260025712744,1.0,0.40732556029239947,0.0,-0.03362957769524382,1.0
0.22024080733686796,1.0,1.0,1.0,0.0,1.0,1.0,-0.21427083514682965,-0.6940914951454801,-0.2594619744617807,0.0,1.0,0.15697077020561562,1.0,-0.5744194403912869,1.0,0.40732556029239947,0.0,0.577530329830626,1.0
-0.6487354661228928,1.0,1.0,1.0,0.0,0.0,0.0,-0.4746238596656766,-0.5109245324639008,-0.670067410623803,0.0,0.0,-0.4818517715079424,1.0,-0.5744194403912869,1.0,-1.9347519313990018,1.0,0.14250331232089222,0.0
1.6657169042397775,1.0,1.0,0.0,0.0,1.0,0.0,-0.3481666763279509,-0.7310046683841864,-1.0806728467858253,0.0,1.0,1.05747965430786,0.0,-0.5744194403912869,1.0,0.40732556029239947,0.0,-0.6193244890742023,1.0
1.006376930213889,1.0,1.0,1.0,0.0,1.0,1.0,-0.325850702797764,-0.6004995525730918,-0.670067410623803,0.0,1.0,-0.5588183427987325,1.0,-0.5744194403912869,0.0,0.40732556029239947,0.0,-0.29464578820108406,1.0
-0.5844920840383191,1.0,1.0,1.0,1.0,1.0,0.0,-0.49693983319586343,-0.5920404906442778,0.15114346170024162,0.0,0.0,-0.4818517715079424,0.0,-0.5744194403912869,1.0,0.40732556029239947,0.0,0.20616580268817034,0.0
1.0469516978462512,1.0,1.0,1.0,0.0,1.0,1.0,0.16510071486634728,-0.5447505988104019,-1.0806728467858253,0.0,0.0,0.8265799404354895,1.0,-0.5744194403912869,0.0,0.40732556029239947,0.0,-0.3137445353112675,1.0
-0.018135952503260964,1.0,1.0,0.0,1.0,1.0,0.0,-0.3704826498581378,-0.35770974948033873,-1.0806728467858253,0.0,0.0,-0.5588183427987325,0.0,-0.5744194403912869,1.0,0.40732556029239947,1.0,-0.6921543780543685,0.0
1.843231512631363,1.0,1.0,1.0,0.0,1.0,1.0,1.481743153147373,-0.5217301101771427,0.15114346170024162,0.0,1.0,0.6726467978539094,1.0,1.2382816006311943,1.0,0.40732556029239947,0.0,1.723455156441632,1.0
0.2709592668773209,1.0,0.0,1.0,0.0,1.0,1.0,-0.147322914556269,-0.31498500129070506,-1.0806728467858253,0.0,0.0,-0.09701891505399181,0.0,-0.3611604944014376,1.0,0.40732556029239947,1.0,-0.3243549503724805,0.0
-0.464458396459247,1.0,1.0,1.0,0.0,1.0,1.0,-0.08037499396570838,-0.39043738685621215,-1.0806728467858253,0.0,1.0,1.2883793681802302,1.0,4.863683681588535,0.0,0.40732556029239947,1.0,0.19555538762695734,1.0
-0.738338077977693,0.0,0.0,0.0,0.0,0.0,0.0,1.5486910737379336,0.09685335148308596,0.561748897862264,0.0,0.0,-0.7735294211762734,0.0,-0.5744194403912869,0.0,0.40732556029239947,0.0,4.893847176732079,0.0
1.640357674469551,1.0,1.0,1.0,0.0,1.0,1.0,-0.4523078861354897,-0.6293697755962732,0.15114346170024162,0.0,0.0,1.346104296648323,1.0,1.2915963372917996,1.0,0.40732556029239947,0.0,-0.5593670283213191,1.0
-0.4610771658232168,0.0,1.0,1.0,0.0,1.0,0.0,-0.43743057044869843,0.12958305824285282,1.3829597701863086,1.0,0.0,-0.835897999445577,0.0,-0.5744194403912869,1.0,0.40732556029239947,1.0,-0.09092581902579412,0.0
1.5490644472967356,1.0,1.0,1.0,0.0,1.0,1.0,-0.2589027822072034,-0.681988827607842,-1.0806728467858253,0.0,1.0,-0.09701891505399181,1.0,0.20245243419279657,0.0,0.40732556029239947,0.0,-0.34981994651939174,0.0
2.122183040103854,1.0,1.0,1.0,0.0,1.0,0.0,-0.19195486161664277,-0.6793863704234759,-0.2594619744617807,0.0,0.0,-0.6619535483283913,1.0,-0.5744194403912869,1.0,0.40732556029239947,1.0,-0.3137445353112675,0.0
0.12894758016405264,1.0,1.0,1.0,0.0,1.0,1.0,-0.10269096749589525,-0.7294235763142572,-1.0806728467858253,0.0,0.0,0.8265799404354895,1.0,0.14601302449381862,1.0,-1.695764432246818,0.0,0.32288036836151357,1.0
0.34196511023395504,0.0,1.0,1.0,0.0,1.0,1.0,7.049578548928999,-0.6875314654279804,3.583804908014754,0.0,1.0,2.7799915197957428,1.0,4.132242910668721,1.0,0.40732556029239947,0.0,2.4874050408489694,1.0
-0.9970022216340031,1.0,1.0,1.0,0.0,1.0,1.0,-0.0580590204355215,0.8503171031572353,0.15114346170024162,0.0,0.0,0.09539751317298348,0.0,-0.27230260025712744,1.0,0.40732556029239947,1.0,0.06823040689240115,0.0
0.2608155749692303,0.0,1.0,1.0,1.0,1.0,0.0,0.7527546844946018,-0.7372200215203981,-0.2594619744617807,0.0,0.0,-0.46055768678415715,1.0,-0.5744194403912869,1.0,0.40732556029239947,1.0,-0.06970498890336804,0.0
-0.18550686898675572,1.0,1.0,1.0,0.0,1.0,1.0,0.09815279427578665,-0.6342138721893483,0.15114346170024162,0.0,0.0,-0.4048852002171523,1.0,-0.5744194403912869,0.0,0.40732556029239947,0.0,0.4120078548757029,1.0
2.2337636510928505,0.0,1.0,1.0,0.0,1.0,1.0,2.374382094354848,-0.6686698589930068,0.561748897862264,0.0,1.0,2.211978223669712,1.0,0.6340479199278268,1.0,0.40732556029239947,1.0,4.524604732601869,0.0
1.3614061469970598,1.0,1.0,1.0,0.0,1.0,1.0,-0.325850702797764,-0.7178083728465533,-0.2594619744617807,0.0,0.0,-0.7127514853803127,1.0,-0.5744194403912869,1.0,0.40732556029239947,1.0,-0.632056987147658,1.0
-0.04349518227348744,0.0,1.0,1.0,0.0,1.0,0.0,-0.0580590204355215,0.4353345284957805,0.9723543340242863,0.0,0.0,2.8531097625219934,0.0,-0.5744194403912869,1.0,0.40732556029239947,1.0,-0.5047320064131018,1.0
-0.4593865505052017,0.0,1.0,1.0,0.0,1.0,0.0,-0.41511459691851155,0.5240958668580787,0.561748897862264,1.0,1.0,-0.7127514853803127,1.0,0.029814239877032054,0.0,0.40732556029239947,1.0,-0.3774070256785456,1.0
-1.7019888092462991,1.0,1.0,1.0,1.0,1.0,1.0,-0.4597465439788853,-0.6005137071589228,-0.670067410623803,0.0,0.0,-0.09701891505399181,1.0,-0.37300821363518055,1.0,0.40732556029239947,1.0,-0.6193244890742023,1.0
-0.44924285859711116,0.0,0.0,0.0,0.0,0.0,0.0,-0.504378491039259,-0.47408188382828215,-0.2594619744617807,0.0,0.0,-0.4220744011387621,0.0,-0.36116049443769166,0.0,-0.37336693693806744,1.0,-0.6939814915279094,1.0
1.9700276614824952,1.0,1.0,0.0,0.0,1.0,1.0,-0.23658680867701654,-0.7366193207638159,-0.2594619744617807,0.0,0.0,-0.4818517715079424,1.0,0.8757413917741255,1.0,0.40732556029239947,1.0,-0.3222328673602379,0.0
-0.6166137750806059,1.0,1.0,1.0,0.0,0.0,1.0,-0.2812187557373903,1.4113790736588359,-0.2594619744617807,0.0,1.0,-0.6126949427022856,1.0,0.10534344985619092,1.0,0.40732556029239947,1.0,0.7048553105651822,1.0
